date,symbol,action,price,quantity,value,company,pnl,return_pct,holding_days,reason
2024-11-12 00:00:00-05:00,CRM,LONG_ENTRY,341.1499938964844,250,85287.4984741211,Salesforce Inc.,,,,
2024-11-12 00:00:00-05:00,TSLA,LONG_ENTRY,328.489990234375,250,82122.49755859375,Tesla Inc.,,,,
2024-11-13 00:00:00-05:00,TSLA,LONG_EXIT,330.239990234375,250,82559.99755859375,,437.5,0.5327407385386048,1.0,profit_target
2024-11-13 00:00:00-05:00,ADBE,LONG_ENTRY,532.5,250,133125.0,Adobe Inc.,,,,
2024-11-13 00:00:00-05:00,HON,LONG_ENTRY,233.07000732421875,250,58267.50183105469,Honeywell International Inc.,,,,
2024-11-14 00:00:00-05:00,CRM,LONG_EXIT,331.6499938964844,250,82912.4984741211,,-2375.0,-2.7846988626599822,2.0,stop_loss
2024-11-14 00:00:00-05:00,HON,LONG_EXIT,230.6699981689453,250,57667.49954223633,,-600.0022888183594,-1.0297374522045797,1.0,stop_loss
2024-11-14 00:00:00-05:00,CSCO,LONG_ENTRY,57.91999816894531,250,14479.999542236328,Cisco Systems Inc.,,,,
2024-11-14 00:00:00-05:00,DIS,LONG_ENTRY,109.12000274658205,250,27280.00068664551,Walt Disney Company,,,,
2024-11-15 00:00:00-05:00,ADBE,LONG_EXIT,503.3699951171875,250,125842.49877929688,,-7282.501220703125,-5.470423452171361,2.0,stop_loss
2024-11-15 00:00:00-05:00,CSCO,LONG_EXIT,57.459999084472656,250,14364.999771118164,,-114.99977111816406,-0.7941973394593299,1.0,stop_loss
2024-11-15 00:00:00-05:00,DIS,LONG_EXIT,115.08000183105467,250,28770.00045776367,,1489.999771118157,5.461875856357888,1.0,profit_target
2024-11-15 00:00:00-05:00,DIS,LONG_ENTRY,115.08000183105467,250,28770.00045776367,Walt Disney Company,,,,
2024-11-18 00:00:00-05:00,DIS,LONG_EXIT,113.54000091552734,250,28385.000228881836,,-385.0002288818324,-1.3382002876469854,3.0,stop_loss
2024-11-18 00:00:00-05:00,DIS,LONG_ENTRY,113.54000091552734,250,28385.000228881836,Walt Disney Company,,,,
2024-11-19 00:00:00-05:00,DIS,LONG_EXIT,112.41999816894533,250,28104.99954223633,,-280.0006866455043,-0.9864389092398267,1.0,stop_loss
2024-11-20 00:00:00-05:00,TMO,LONG_ENTRY,512.8400268554688,250,128210.00671386719,Thermo Fisher Scientific Inc.,,,,
2024-11-21 00:00:00-05:00,TMO,LONG_EXIT,516.0999755859375,250,129024.99389648438,,814.9871826171875,0.6356658138518282,1.0,profit_target
2024-11-22 00:00:00-05:00,NVDA,LONG_ENTRY,141.9499969482422,250,35487.49923706055,NVIDIA Corporation,,,,
2024-11-22 00:00:00-05:00,ORCL,LONG_ENTRY,192.2899932861328,250,48072.4983215332,Oracle Corporation,,,,
2024-11-25 00:00:00-05:00,NVDA,LONG_EXIT,136.02000427246094,250,34005.001068115234,,-1482.4981689453125,-4.177522228438965,3.0,stop_loss
2024-11-25 00:00:00-05:00,ORCL,LONG_EXIT,187.9900054931641,250,46997.50137329102,,-1074.9969482421805,-2.236199460764566,3.0,stop_loss
2024-11-26 00:00:00-05:00,AAPL,LONG_ENTRY,235.05999755859375,250,58764.99938964844,Apple Inc.,,,,
2024-11-26 00:00:00-05:00,CAT,LONG_ENTRY,407.8299865722656,250,101957.4966430664,Caterpillar Inc.,,,,
2024-11-26 00:00:00-05:00,CSCO,LONG_ENTRY,59.59000015258789,250,14897.500038146973,Cisco Systems Inc.,,,,
2024-11-26 00:00:00-05:00,IBM,LONG_ENTRY,228.8300018310547,250,57207.50045776367,International Business Machines Corporation,,,,
2024-11-26 00:00:00-05:00,MA,LONG_ENTRY,528.47998046875,250,132119.9951171875,Mastercard Incorporated,,,,
2024-11-26 00:00:00-05:00,MRK,LONG_ENTRY,101.62000274658205,250,25405.00068664551,Merck & Co. Inc.,,,,
2024-11-26 00:00:00-05:00,NKE,LONG_ENTRY,77.61000061035156,250,19402.50015258789,NIKE Inc.,,,,
2024-11-26 00:00:00-05:00,UNH,LONG_ENTRY,606.7899780273438,250,151697.49450683594,UnitedHealth Group Incorporated,,,,
2024-11-26 00:00:00-05:00,V,LONG_ENTRY,311.82000732421875,250,77955.00183105469,Visa Inc.,,,,
2024-11-27 00:00:00-05:00,CAT,LONG_EXIT,403.7000122070313,250,100925.00305175783,,-1032.4935913085797,-1.0126705983407391,1.0,stop_loss
2024-11-27 00:00:00-05:00,CSCO,LONG_EXIT,59.290000915527344,250,14822.500228881836,,-74.99980926513672,-0.5034388929222354,1.0,stop_loss
2024-11-27 00:00:00-05:00,IBM,LONG_EXIT,226.9199981689453,250,56729.99954223633,,-477.50091552734375,-0.8346823610653692,1.0,stop_loss
2024-11-27 00:00:00-05:00,MA,LONG_EXIT,532.3800048828125,250,133095.00122070312,,975.006103515625,0.7379701328711193,1.0,profit_target
2024-11-27 00:00:00-05:00,MRK,LONG_EXIT,103.12000274658205,250,25780.00068664551,,375.0,1.4760873444775142,1.0,profit_target
2024-11-27 00:00:00-05:00,NKE,LONG_EXIT,78.33999633789062,250,19584.999084472656,,182.49893188476562,0.9405949256514967,1.0,profit_target
2024-11-27 00:00:00-05:00,V,LONG_EXIT,314.70001220703125,250,78675.00305175781,,720.001220703125,0.9236113190831847,1.0,profit_target
2024-11-29 00:00:00-05:00,AAPL,LONG_EXIT,237.3300018310547,250,59332.50045776367,,567.5010681152344,0.9657127099625237,3.0,profit_target
2024-11-29 00:00:00-05:00,UNH,LONG_EXIT,610.2000122070312,250,152550.0030517578,,852.508544921875,0.5619793179138226,3.0,profit_target
2024-12-05 00:00:00-05:00,AVGO,LONG_ENTRY,170.47000122070312,250,42617.50030517578,Broadcom Inc.,,,,
2024-12-05 00:00:00-05:00,CRM,LONG_ENTRY,361.3800048828125,250,90345.00122070312,Salesforce Inc.,,,,
2024-12-06 00:00:00-05:00,AVGO,LONG_EXIT,179.52999877929688,250,44882.49969482422,,2264.9993896484375,5.31471666200319,1.0,profit_target
2024-12-09 00:00:00-05:00,CRM,LONG_EXIT,351.57000732421875,250,87892.50183105469,,-2452.4993896484375,-2.7145933438611007,4.0,stop_loss
2024-12-09 00:00:00-05:00,GE,LONG_ENTRY,171.32000732421875,250,42830.00183105469,General Electric Company,,,,
2024-12-10 00:00:00-05:00,UNH,LONG_ENTRY,565.1900024414062,250,141297.50061035156,UnitedHealth Group Incorporated,,,,
2024-12-10 00:00:00-05:00,UPS,LONG_ENTRY,130.22000122070312,250,32555.00030517578,United Parcel Service Inc.,,,,
2024-12-11 00:00:00-05:00,GE,LONG_EXIT,168.63999938964844,250,42159.99984741211,,-670.0019836425781,-1.564328636467115,2.0,stop_loss
2024-12-11 00:00:00-05:00,UNH,LONG_EXIT,533.530029296875,250,133382.50732421875,,-7914.9932861328125,-5.601651304476758,1.0,stop_loss
2024-12-11 00:00:00-05:00,UPS,LONG_EXIT,129.1199951171875,250,32279.998779296875,,-275.00152587890625,-0.8447289918629949,1.0,stop_loss
2024-12-11 00:00:00-05:00,BA,LONG_ENTRY,165.9600067138672,250,41490.0016784668,Boeing Company,,,,
2024-12-11 00:00:00-05:00,CMCSA,LONG_ENTRY,39.709999084472656,250,9927.499771118164,Comcast Corporation,,,,
2024-12-11 00:00:00-05:00,GOOGL,LONG_ENTRY,195.3999938964844,250,48849.9984741211,Alphabet Inc. Class A,,,,
2024-12-11 00:00:00-05:00,UPS,LONG_ENTRY,129.1199951171875,250,32279.998779296875,United Parcel Service Inc.,,,,
2024-12-12 00:00:00-05:00,BA,LONG_EXIT,167.75,250,41937.5,,447.4983215332031,1.0785690610503242,1.0,profit_target
2024-12-12 00:00:00-05:00,CMCSA,LONG_EXIT,40.2400016784668,250,10060.0004196167,,132.50064849853516,1.3346829670448959,1.0,profit_target
2024-12-12 00:00:00-05:00,GOOGL,LONG_EXIT,191.9600067138672,250,47990.0016784668,,-859.9967956543039,-1.7604847953268574,1.0,stop_loss
2024-12-12 00:00:00-05:00,ADBE,LONG_ENTRY,474.6300048828125,250,118657.50122070312,Adobe Inc.,,,,
2024-12-12 00:00:00-05:00,AVGO,LONG_ENTRY,180.66000366210935,250,45165.00091552734,Broadcom Inc.,,,,
2024-12-12 00:00:00-05:00,GOOGL,LONG_ENTRY,191.9600067138672,250,47990.0016784668,Alphabet Inc. Class A,,,,
2024-12-13 00:00:00-05:00,ADBE,LONG_EXIT,465.69000244140625,250,116422.50061035156,,-2235.0006103515625,-1.8835729619777328,1.0,stop_loss
2024-12-13 00:00:00-05:00,AVGO,LONG_EXIT,224.8000030517578,250,56200.00076293945,,11034.999847412117,24.432635057510602,1.0,profit_target
2024-12-13 00:00:00-05:00,GOOGL,LONG_EXIT,189.82000732421875,250,47455.00183105469,,-534.9998474121094,-1.1148152296318106,1.0,stop_loss
2024-12-16 00:00:00-05:00,AVGO,LONG_ENTRY,250.0,250,62500.0,Broadcom Inc.,,,,
2024-12-16 00:00:00-05:00,UNH,LONG_ENTRY,498.5,250,124625.0,UnitedHealth Group Incorporated,,,,
2024-12-17 00:00:00-05:00,UPS,LONG_EXIT,127.31999969482422,250,31829.999923706055,,-449.9988555908203,-1.394048552069438,6.0,stop_loss
2024-12-17 00:00:00-05:00,AVGO,LONG_EXIT,240.22999572753903,250,60057.49893188476,,-2442.5010681152417,-3.9080017089843864,1.0,stop_loss
2024-12-17 00:00:00-05:00,UNH,LONG_EXIT,485.5199890136719,250,121379.99725341797,,-3245.0027465820312,-2.6038136381801658,1.0,stop_loss
2024-12-17 00:00:00-05:00,AVGO,LONG_ENTRY,240.22999572753903,250,60057.49893188476,Broadcom Inc.,,,,
2024-12-17 00:00:00-05:00,HON,LONG_ENTRY,233.1300048828125,250,58282.501220703125,Honeywell International Inc.,,,,
2024-12-18 00:00:00-05:00,AVGO,LONG_EXIT,223.6199951171875,250,55904.998779296875,,-4152.500152587883,-6.914207595120657,1.0,stop_loss
2024-12-18 00:00:00-05:00,HON,LONG_EXIT,226.86000061035156,250,56715.00015258789,,-1567.5010681152344,-2.6894883288887166,1.0,stop_loss
2024-12-18 00:00:00-05:00,TSLA,LONG_ENTRY,440.1300048828125,250,110032.50122070312,Tesla Inc.,,,,
2024-12-18 00:00:00-05:00,V,LONG_ENTRY,309.7799987792969,250,77444.99969482422,Visa Inc.,,,,
2024-12-19 00:00:00-05:00,TSLA,LONG_EXIT,436.1700134277344,250,109042.5033569336,,-989.9978637695312,-0.8997322180141977,1.0,stop_loss
2024-12-19 00:00:00-05:00,V,LONG_EXIT,314.8800048828125,250,78720.00122070312,,1275.0015258789062,1.6463316300640605,1.0,profit_target
2024-12-19 00:00:00-05:00,UNH,LONG_ENTRY,489.25,250,122312.5,UnitedHealth Group Incorporated,,,,
2024-12-20 00:00:00-05:00,UNH,LONG_EXIT,500.1300048828125,250,125032.50122070312,,2720.001220703125,2.2238129550970873,1.0,profit_target
2024-12-20 00:00:00-05:00,ACN,LONG_ENTRY,366.3699951171875,250,91592.49877929688,Accenture plc,,,,
2024-12-23 00:00:00-05:00,ACN,LONG_EXIT,358.7699890136719,250,89692.49725341797,,-1900.0015258789062,-2.0744073490747184,3.0,stop_loss
2024-12-23 00:00:00-05:00,AAPL,LONG_ENTRY,255.27000427246097,250,63817.50106811524,Apple Inc.,,,,
2024-12-23 00:00:00-05:00,ABBV,LONG_ENTRY,178.38999938964844,250,44597.49984741211,AbbVie Inc.,,,,
2024-12-23 00:00:00-05:00,ADBE,LONG_ENTRY,446.739990234375,250,111684.99755859375,Adobe Inc.,,,,
2024-12-23 00:00:00-05:00,AMZN,LONG_ENTRY,225.05999755859375,250,56264.99938964844,Amazon.com Inc.,,,,
2024-12-23 00:00:00-05:00,AVGO,LONG_ENTRY,232.3500061035156,250,58087.5015258789,Broadcom Inc.,,,,
2024-12-23 00:00:00-05:00,CAT,LONG_ENTRY,365.3900146484375,250,91347.50366210938,Caterpillar Inc.,,,,
2024-12-23 00:00:00-05:00,CMCSA,LONG_ENTRY,37.97999954223633,250,9494.999885559082,Comcast Corporation,,,,
2024-12-23 00:00:00-05:00,CRM,LONG_ENTRY,342.8999938964844,250,85724.9984741211,Salesforce Inc.,,,,
2024-12-23 00:00:00-05:00,CSCO,LONG_ENTRY,58.97999954223633,250,14744.999885559082,Cisco Systems Inc.,,,,
2024-12-23 00:00:00-05:00,CVX,LONG_ENTRY,142.97000122070312,250,35742.50030517578,Chevron Corporation,,,,
2024-12-23 00:00:00-05:00,DHR,LONG_ENTRY,229.16000366210935,250,57290.00091552734,Danaher Corporation,,,,
2024-12-23 00:00:00-05:00,DIS,LONG_ENTRY,111.4000015258789,250,27850.000381469727,Walt Disney Company,,,,
2024-12-23 00:00:00-05:00,GE,LONG_ENTRY,169.02000427246094,250,42255.001068115234,General Electric Company,,,,
2024-12-23 00:00:00-05:00,GOOGL,LONG_ENTRY,194.6300048828125,250,48657.501220703125,Alphabet Inc. Class A,,,,
2024-12-23 00:00:00-05:00,HD,LONG_ENTRY,392.4500122070313,250,98112.50305175783,Home Depot Inc.,,,,
2024-12-23 00:00:00-05:00,HON,LONG_ENTRY,227.13999938964844,250,56784.99984741211,Honeywell International Inc.,,,,
2024-12-23 00:00:00-05:00,JPM,LONG_ENTRY,238.38999938964844,250,59597.49984741211,JPMorgan Chase & Co.,,,,
2024-12-23 00:00:00-05:00,LLY,LONG_ENTRY,796.280029296875,21,16721.880615234375,Eli Lilly and Company,,,,
2024-12-24 00:00:00-05:00,AAPL,LONG_EXIT,258.20001220703125,250,64550.00305175781,,732.5019836425711,1.1478073747524826,1.0,profit_target
2024-12-24 00:00:00-05:00,ABBV,LONG_EXIT,180.0,250,45000.0,,402.5001525878906,0.9025173024609513,1.0,profit_target
2024-12-24 00:00:00-05:00,AMZN,LONG_EXIT,229.0500030517578,250,57262.50076293945,,997.5013732910156,1.7728630305015778,1.0,profit_target
2024-12-24 00:00:00-05:00,AVGO,LONG_EXIT,239.67999267578125,250,59919.99816894531,,1832.4966430664133,3.15471761554421,1.0,profit_target
2024-12-24 00:00:00-05:00,CAT,LONG_EXIT,367.5700073242187,250,91892.50183105467,,544.9981689452983,0.5966207581996152,1.0,profit_target
2024-12-24 00:00:00-05:00,CMCSA,LONG_EXIT,38.400001525878906,250,9600.000381469727,,105.00049591064453,1.1058504178640327,1.0,profit_target
2024-12-24 00:00:00-05:00,CRM,LONG_EXIT,344.42999267578125,250,86107.49816894531,,382.49969482421875,0.44619387766998775,1.0,profit_target
2024-12-24 00:00:00-05:00,CSCO,LONG_EXIT,59.849998474121094,250,14962.499618530273,,217.4997329711914,1.475074497519703,1.0,profit_target
2024-12-24 00:00:00-05:00,CVX,LONG_EXIT,143.83999633789062,250,35959.999084472656,,217.498779296875,0.6085158493105742,1.0,profit_target
2024-12-24 00:00:00-05:00,DHR,LONG_EXIT,230.75,250,57687.5,,397.49908447266336,0.693836757061264,1.0,profit_target
2024-12-24 00:00:00-05:00,DIS,LONG_EXIT,112.55999755859376,250,28139.99938964844,,289.99900817871446,1.0412890635781398,1.0,profit_target
2024-12-24 00:00:00-05:00,GE,LONG_EXIT,171.49000549316406,250,42872.501373291016,,617.5003051757812,1.4613662041573925,1.0,profit_target
2024-12-24 00:00:00-05:00,GOOGL,LONG_EXIT,196.11000061035156,250,49027.50015258789,,369.9989318847656,0.7604149876223729,1.0,profit_target
2024-12-24 00:00:00-05:00,HD,LONG_EXIT,396.1400146484375,250,99035.00366210938,,922.5006103515483,0.9402477580914396,1.0,profit_target
2024-12-24 00:00:00-05:00,HON,LONG_EXIT,228.8999938964844,250,57224.9984741211,,439.9986267089915,0.7748500975456879,1.0,profit_target
2024-12-24 00:00:00-05:00,JPM,LONG_EXIT,242.30999755859375,250,60577.49938964844,,979.9995422363281,1.6443635131430476,1.0,profit_target
2024-12-26 00:00:00-05:00,ADBE,LONG_EXIT,450.1600036621094,250,112540.00091552734,,855.0033569335938,0.7655489775921156,3.0,profit_target
2024-12-27 00:00:00-05:00,LLY,LONG_EXIT,783.1699829101562,21,16446.56964111328,,-275.31097412109375,-1.646411551762146,4.0,stop_loss
2025-01-08 00:00:00-05:00,ACN,LONG_ENTRY,357.7300109863281,250,89432.50274658203,Accenture plc,,,,
2025-01-10 00:00:00-05:00,ACN,LONG_EXIT,349.7900085449219,250,87447.50213623047,,-1985.0006103515625,-2.219551672367154,2.0,stop_loss
2025-01-13 00:00:00-05:00,HD,LONG_ENTRY,389.1799926757813,250,97294.99816894533,Home Depot Inc.,,,,
2025-01-13 00:00:00-05:00,META,LONG_ENTRY,608.3300170898438,250,152082.50427246094,Meta Platforms Inc.,,,,
2025-01-14 00:00:00-05:00,HD,LONG_EXIT,392.7799987792969,250,98194.99969482422,,900.001525878892,0.9250234265034962,1.0,profit_target
2025-01-14 00:00:00-05:00,META,LONG_EXIT,594.25,250,148562.5,,-3520.0042724609375,-2.3145359746014775,1.0,stop_loss
2025-01-14 00:00:00-05:00,UPS,LONG_ENTRY,125.83999633789062,250,31459.999084472656,United Parcel Service Inc.,,,,
2025-01-15 00:00:00-05:00,UPS,LONG_EXIT,127.47000122070312,250,31867.50030517578,,407.501220703125,1.2952995313475728,1.0,profit_target
2025-01-16 00:00:00-05:00,JPM,LONG_ENTRY,254.27000427246097,250,63567.50106811524,JPMorgan Chase & Co.,,,,
2025-01-17 00:00:00-05:00,JPM,LONG_EXIT,259.1600036621094,250,64790.000915527344,,1222.4998474121023,1.9231522820161555,1.0,profit_target
2025-01-17 00:00:00-05:00,PM,LONG_ENTRY,121.58999633789062,250,30397.499084472656,Philip Morris International Inc.,,,,
2025-01-21 00:00:00-05:00,PM,LONG_EXIT,123.80999755859376,250,30952.49938964844,,555.0003051757848,1.8258091023655443,4.0,profit_target
2025-01-21 00:00:00-05:00,IBM,LONG_ENTRY,224.2599945068359,250,56064.99862670898,International Business Machines Corporation,,,,
2025-01-21 00:00:00-05:00,INTC,LONG_ENTRY,21.770000457763672,250,5442.500114440918,Intel Corporation,,,,
2025-01-21 00:00:00-05:00,JPM,LONG_ENTRY,263.0299987792969,250,65757.49969482422,JPMorgan Chase & Co.,,,,
2025-01-21 00:00:00-05:00,ORCL,LONG_ENTRY,172.57000732421875,250,43142.50183105469,Oracle Corporation,,,,
2025-01-22 00:00:00-05:00,INTC,LONG_EXIT,21.86000061035156,250,5465.00015258789,,22.500038146971768,0.4134136458219089,1.0,profit_target
2025-01-22 00:00:00-05:00,ORCL,LONG_EXIT,184.22000122070312,250,46055.00030517578,,2912.4984741210938,6.750879876012729,1.0,profit_target
2025-01-22 00:00:00-05:00,CAT,LONG_ENTRY,397.6099853515625,250,99402.49633789062,Caterpillar Inc.,,,,
2025-01-22 00:00:00-05:00,NFLX,LONG_ENTRY,953.989990234375,250,238497.49755859375,Netflix Inc.,,,,
2025-01-22 00:00:00-05:00,ORCL,LONG_ENTRY,184.22000122070312,250,46055.00030517578,Oracle Corporation,,,,
2025-01-22 00:00:00-05:00,TXN,LONG_ENTRY,197.0500030517578,250,49262.50076293945,Texas Instruments Incorporated,,,,
2025-01-23 00:00:00-05:00,IBM,LONG_EXIT,226.0399932861328,250,56509.9983215332,,444.99969482422586,0.7937210482909582,2.0,profit_target
2025-01-23 00:00:00-05:00,JPM,LONG_EXIT,265.95001220703125,250,66487.50305175781,,730.0033569335938,1.110144637982719,2.0,profit_target
2025-01-23 00:00:00-05:00,CAT,LONG_EXIT,406.3999938964844,250,101599.9984741211,,2197.5021362304688,2.2107112167089675,1.0,profit_target
2025-01-23 00:00:00-05:00,NFLX,LONG_EXIT,984.8599853515624,250,246214.9963378906,,7717.498779296847,3.235882497006419,1.0,profit_target
2025-01-23 00:00:00-05:00,ORCL,LONG_EXIT,186.47000122070312,250,46617.50030517578,,562.5,1.221365750239252,1.0,profit_target
2025-01-23 00:00:00-05:00,TXN,LONG_EXIT,200.61000061035156,250,50152.50015258789,,889.9993896484375,1.8066467919103097,1.0,profit_target
2025-01-23 00:00:00-05:00,NFLX,LONG_ENTRY,984.8599853515624,250,246214.9963378906,Netflix Inc.,,,,
2025-01-23 00:00:00-05:00,ORCL,LONG_ENTRY,186.47000122070312,250,46617.50030517578,Oracle Corporation,,,,
2025-01-23 00:00:00-05:00,TXN,LONG_ENTRY,200.61000061035156,250,50152.50015258789,Texas Instruments Incorporated,,,,
2025-01-24 00:00:00-05:00,NFLX,LONG_EXIT,977.5900268554688,250,244397.5067138672,,-1817.489624023409,-0.738171781189638,1.0,stop_loss
2025-01-24 00:00:00-05:00,ORCL,LONG_EXIT,183.6000061035156,250,45900.0015258789,,-717.498779296882,-1.539118945889127,1.0,stop_loss
2025-01-24 00:00:00-05:00,TXN,LONG_EXIT,185.52000427246097,250,46380.00106811524,,-3772.499084472649,-7.522055875569318,1.0,stop_loss
2025-01-24 00:00:00-05:00,GE,LONG_ENTRY,196.75,250,49187.5,General Electric Company,,,,
2025-01-24 00:00:00-05:00,NFLX,LONG_ENTRY,977.5900268554688,250,244397.5067138672,Netflix Inc.,,,,
2025-01-24 00:00:00-05:00,ORCL,LONG_ENTRY,183.6000061035156,250,45900.0015258789,Oracle Corporation,,,,
2025-01-24 00:00:00-05:00,TXN,LONG_ENTRY,185.52000427246097,250,46380.00106811524,Texas Instruments Incorporated,,,,
2025-01-27 00:00:00-05:00,GE,LONG_EXIT,194.4600067138672,250,48615.0016784668,,-572.4983215332031,-1.1639101835490788,3.0,stop_loss
2025-01-27 00:00:00-05:00,NFLX,LONG_EXIT,971.8900146484376,250,242972.5036621094,,-1425.003051757784,-0.5830677533982097,3.0,stop_loss
2025-01-27 00:00:00-05:00,ORCL,LONG_EXIT,158.27999877929688,250,39569.99969482422,,-6330.00183105468,-13.790853203971592,3.0,stop_loss
2025-01-27 00:00:00-05:00,TXN,LONG_EXIT,187.02999877929688,250,46757.49969482422,,377.49862670897727,0.8139254377216808,3.0,profit_target
2025-01-27 00:00:00-05:00,META,LONG_ENTRY,659.8800048828125,250,164970.00122070312,Meta Platforms Inc.,,,,
2025-01-28 00:00:00-05:00,META,LONG_EXIT,674.3300170898438,250,168582.50427246094,,3612.5030517578125,2.189793917092156,1.0,profit_target
2025-01-28 00:00:00-05:00,AAPL,LONG_ENTRY,238.2599945068359,250,59564.99862670898,Apple Inc.,,,,
2025-01-28 00:00:00-05:00,ACN,LONG_ENTRY,378.3900146484375,250,94597.50366210938,Accenture plc,,,,
2025-01-28 00:00:00-05:00,COST,LONG_ENTRY,958.6699829101562,250,239667.49572753906,Costco Wholesale Corporation,,,,
2025-01-28 00:00:00-05:00,CRM,LONG_ENTRY,359.95001220703125,250,89987.50305175781,Salesforce Inc.,,,,
2025-01-28 00:00:00-05:00,META,LONG_ENTRY,674.3300170898438,250,168582.50427246094,Meta Platforms Inc.,,,,
2025-01-28 00:00:00-05:00,MRK,LONG_ENTRY,97.4499969482422,250,24362.49923706055,Merck & Co. Inc.,,,,
2025-01-28 00:00:00-05:00,PM,LONG_ENTRY,128.9600067138672,250,32240.001678466797,Philip Morris International Inc.,,,,
2025-01-28 00:00:00-05:00,TXN,LONG_ENTRY,180.57000732421875,250,45142.50183105469,Texas Instruments Incorporated,,,,
2025-01-29 00:00:00-05:00,AAPL,LONG_EXIT,239.36000061035156,250,59840.00015258789,,275.00152587891336,0.46168308943031267,1.0,profit_target
2025-01-29 00:00:00-05:00,ACN,LONG_EXIT,374.4200134277344,250,93605.0033569336,,-992.5003051757812,-1.0491823428246796,1.0,stop_loss
2025-01-29 00:00:00-05:00,COST,LONG_EXIT,964.02001953125,250,241005.0048828125,,1337.5091552734375,0.5580686489059645,1.0,profit_target
2025-01-29 00:00:00-05:00,CRM,LONG_EXIT,354.0,250,88500.0,,-1487.5030517578125,-1.6530106973878922,1.0,stop_loss
2025-01-29 00:00:00-05:00,META,LONG_EXIT,676.489990234375,250,169122.49755859375,,539.9932861328125,0.3203139545608375,1.0,profit_target
2025-01-29 00:00:00-05:00,MRK,LONG_EXIT,98.27999877929688,250,24569.99969482422,,207.50045776366832,0.8517207358102897,1.0,profit_target
2025-01-29 00:00:00-05:00,PM,LONG_EXIT,129.58999633789062,250,32397.499084472656,,157.49740600585938,0.4885155018805486,1.0,profit_target
2025-01-29 00:00:00-05:00,ACN,LONG_ENTRY,374.4200134277344,250,93605.0033569336,Accenture plc,,,,
2025-01-29 00:00:00-05:00,AVGO,LONG_ENTRY,206.3500061035156,250,51587.5015258789,Broadcom Inc.,,,,
2025-01-29 00:00:00-05:00,BA,LONG_ENTRY,173.66000366210938,250,43415.000915527344,Boeing Company,,,,
2025-01-29 00:00:00-05:00,CRM,LONG_ENTRY,354.0,250,88500.0,Salesforce Inc.,,,,
2025-01-29 00:00:00-05:00,META,LONG_ENTRY,676.489990234375,250,169122.49755859375,Meta Platforms Inc.,,,,
2025-01-29 00:00:00-05:00,NVDA,LONG_ENTRY,123.6999969482422,250,30924.99923706055,NVIDIA Corporation,,,,
2025-01-30 00:00:00-05:00,TXN,LONG_EXIT,185.27000427246097,250,46317.50106811524,,1174.999237060554,2.6028668979357317,2.0,profit_target
2025-01-30 00:00:00-05:00,ACN,LONG_EXIT,380.75,250,95187.5,,1582.4966430664062,1.6906111706786089,1.0,profit_target
2025-01-30 00:00:00-05:00,AVGO,LONG_EXIT,215.66000366210935,250,53915.00091552734,,2327.4993896484375,4.511750561288273,1.0,profit_target
2025-01-30 00:00:00-05:00,BA,LONG_EXIT,179.52999877929688,250,44882.49969482422,,1467.498779296875,3.380165261661955,1.0,profit_target
2025-01-30 00:00:00-05:00,CRM,LONG_EXIT,343.57000732421875,250,85892.50183105469,,-2607.4981689453125,-2.946325614627472,1.0,stop_loss
2025-01-30 00:00:00-05:00,META,LONG_EXIT,687.0,250,171750.0,,2627.50244140625,1.5536090581301474,1.0,profit_target
2025-01-30 00:00:00-05:00,NVDA,LONG_EXIT,124.6500015258789,250,31162.500381469727,,237.50114440917613,0.7679907850233817,1.0,profit_target
2025-01-30 00:00:00-05:00,IBM,LONG_ENTRY,258.2699890136719,250,64567.49725341797,International Business Machines Corporation,,,,
2025-01-30 00:00:00-05:00,META,LONG_ENTRY,687.0,250,171750.0,Meta Platforms Inc.,,,,
2025-01-31 00:00:00-05:00,IBM,LONG_EXIT,255.6999969482422,250,63924.99923706055,,-642.4980163574219,-0.9950796355567435,1.0,stop_loss
2025-01-31 00:00:00-05:00,META,LONG_EXIT,689.1799926757812,250,172294.9981689453,,544.9981689453125,0.31732062238446146,1.0,profit_target
2025-01-31 00:00:00-05:00,IBM,LONG_ENTRY,255.6999969482422,250,63924.99923706055,International Business Machines Corporation,,,,
2025-01-31 00:00:00-05:00,INTC,LONG_ENTRY,19.43000030517578,250,4857.500076293945,Intel Corporation,,,,
2025-01-31 00:00:00-05:00,MA,LONG_ENTRY,555.4299926757812,250,138857.4981689453,Mastercard Incorporated,,,,
2025-01-31 00:00:00-05:00,META,LONG_ENTRY,689.1799926757812,250,172294.9981689453,Meta Platforms Inc.,,,,
2025-01-31 00:00:00-05:00,TMO,LONG_ENTRY,597.75,250,149437.5,Thermo Fisher Scientific Inc.,,,,
2025-02-03 00:00:00-05:00,IBM,LONG_EXIT,260.7300109863281,250,65182.50274658203,,1257.5035095214844,1.96715451627639,3.0,profit_target
2025-02-03 00:00:00-05:00,MA,LONG_EXIT,563.9500122070312,250,140987.5030517578,,2130.0048828125,1.5339502085951189,3.0,profit_target
2025-02-03 00:00:00-05:00,META,LONG_EXIT,697.4600219726562,250,174365.00549316406,,2070.00732421875,1.2014320474869427,3.0,profit_target
2025-02-03 00:00:00-05:00,TMO,LONG_EXIT,593.75,250,148437.5,,-1000.0,-0.6691760769552488,3.0,stop_loss
2025-02-03 00:00:00-05:00,ABBV,LONG_ENTRY,190.13999938964844,250,47534.99984741211,AbbVie Inc.,,,,
2025-02-03 00:00:00-05:00,CMCSA,LONG_ENTRY,33.189998626708984,250,8297.499656677246,Comcast Corporation,,,,
2025-02-04 00:00:00-05:00,INTC,LONG_EXIT,19.290000915527344,250,4822.500228881836,,-34.999847412109375,-0.7205321021592795,4.0,stop_loss
2025-02-04 00:00:00-05:00,CMCSA,LONG_EXIT,33.54999923706055,250,8387.499809265137,,90.00015258789062,1.0846659392804532,1.0,profit_target
2025-02-04 00:00:00-05:00,IBM,LONG_ENTRY,264.4599914550781,250,66114.99786376953,International Business Machines Corporation,,,,
2025-02-05 00:00:00-05:00,ABBV,LONG_EXIT,191.75,250,47937.5,,402.5001525878906,0.8467448277688454,2.0,profit_target
2025-02-05 00:00:00-05:00,AMD,LONG_ENTRY,112.01000213623048,250,28002.50053405762,Advanced Micro Devices Inc.,,,,
2025-02-05 00:00:00-05:00,DHR,LONG_ENTRY,212.1300048828125,250,53032.501220703125,Danaher Corporation,,,,
2025-02-05 00:00:00-05:00,GOOGL,LONG_ENTRY,191.3300018310547,250,47832.50045776367,Alphabet Inc. Class A,,,,
2025-02-06 00:00:00-05:00,IBM,LONG_EXIT,253.44000244140625,250,63360.00061035156,,-2754.9972534179688,-4.166977754570396,2.0,stop_loss
2025-02-06 00:00:00-05:00,AMD,LONG_EXIT,110.16000366210938,250,27540.000915527344,,-462.49961853027696,-1.651636852815229,1.0,stop_loss
2025-02-06 00:00:00-05:00,DHR,LONG_EXIT,210.0099945068359,250,52502.49862670898,,-530.0025939941477,-0.999392036571042,1.0,stop_loss
2025-02-06 00:00:00-05:00,PM,LONG_ENTRY,145.32000732421875,250,36330.00183105469,Philip Morris International Inc.,,,,
2025-02-06 00:00:00-05:00,QCOM,LONG_ENTRY,169.32000732421875,250,42330.00183105469,QUALCOMM Incorporated,,,,
2025-02-07 00:00:00-05:00,GOOGL,LONG_EXIT,185.33999633789065,250,46334.99908447266,,-1497.5013732910086,-3.130719404086578,2.0,stop_loss
2025-02-07 00:00:00-05:00,PM,LONG_EXIT,144.41000366210938,250,36102.500915527344,,-227.50091552734375,-0.626206727391016,1.0,stop_loss
2025-02-07 00:00:00-05:00,QCOM,LONG_EXIT,167.9600067138672,250,41990.0016784668,,-340.0001525878906,-0.8032131771335178,1.0,stop_loss
2025-02-07 00:00:00-05:00,AMZN,LONG_ENTRY,229.1499938964844,250,57287.4984741211,Amazon.com Inc.,,,,
2025-02-07 00:00:00-05:00,LLY,LONG_ENTRY,878.3099975585938,250,219577.49938964844,Eli Lilly and Company,,,,
2025-02-07 00:00:00-05:00,PM,LONG_ENTRY,144.41000366210938,250,36102.500915527344,Philip Morris International Inc.,,,,
2025-02-10 00:00:00-05:00,AMZN,LONG_EXIT,233.13999938964844,250,58284.99984741211,,997.5013732910086,1.7412199866636124,3.0,profit_target
2025-02-10 00:00:00-05:00,LLY,LONG_EXIT,868.8800048828125,250,217220.00122070312,,-2357.4981689453125,-1.0736519795964359,3.0,stop_loss
2025-02-10 00:00:00-05:00,PM,LONG_EXIT,146.57000732421875,250,36642.50183105469,,540.0009155273438,1.4957437901347561,3.0,profit_target
2025-02-12 00:00:00-05:00,INTC,LONG_ENTRY,22.479999542236328,250,5619.999885559082,Intel Corporation,,,,
2025-02-13 00:00:00-05:00,INTC,LONG_EXIT,24.1299991607666,250,6032.49979019165,,412.49990463256836,7.339856103778773,1.0,profit_target
2025-02-13 00:00:00-05:00,INTC,LONG_ENTRY,24.1299991607666,250,6032.49979019165,Intel Corporation,,,,
2025-02-14 00:00:00-05:00,INTC,LONG_EXIT,23.600000381469727,250,5900.000095367432,,-132.49969482421875,-2.1964309893495955,1.0,stop_loss
2025-02-14 00:00:00-05:00,CSCO,LONG_ENTRY,64.87000274658203,250,16217.500686645508,Cisco Systems Inc.,,,,
2025-02-14 00:00:00-05:00,INTC,LONG_ENTRY,23.600000381469727,250,5900.000095367432,Intel Corporation,,,,
2025-02-18 00:00:00-05:00,INTC,LONG_EXIT,27.38999938964844,250,6847.49984741211,,947.4997520446786,16.059317571683387,4.0,profit_target
2025-02-19 00:00:00-05:00,INTC,LONG_ENTRY,25.719999313354492,250,6429.999828338623,Intel Corporation,,,,
2025-02-19 00:00:00-05:00,NKE,LONG_ENTRY,76.77999877929688,250,19194.99969482422,NIKE Inc.,,,,
2025-02-20 00:00:00-05:00,INTC,LONG_EXIT,26.09000015258789,250,6522.500038146973,,92.50020980834961,1.4385725082087555,1.0,profit_target
2025-02-20 00:00:00-05:00,NKE,LONG_EXIT,77.2300033569336,250,19307.5008392334,,112.50114440917969,0.586096098972665,1.0,profit_target
2025-02-21 00:00:00-05:00,CSCO,LONG_EXIT,63.97999954223633,250,15994.999885559082,,-222.50080108642578,-1.3719796002206843,7.0,stop_loss
2025-02-25 00:00:00-05:00,NKE,LONG_ENTRY,81.72000122070312,250,20430.00030517578,NIKE Inc.,,,,
2025-02-26 00:00:00-05:00,NKE,LONG_EXIT,81.16999816894531,250,20292.499542236328,,-137.50076293945312,-0.6730335824058621,1.0,stop_loss
2025-02-26 00:00:00-05:00,HD,LONG_ENTRY,390.4800109863281,250,97620.00274658203,Home Depot Inc.,,,,
2025-02-26 00:00:00-05:00,UNH,LONG_ENTRY,463.5899963378906,250,115897.49908447266,UnitedHealth Group Incorporated,,,,
2025-02-27 00:00:00-05:00,UNH,LONG_EXIT,468.55999755859375,250,117139.99938964844,,1242.5003051757812,1.072068262896835,1.0,profit_target
2025-02-27 00:00:00-05:00,CRM,LONG_ENTRY,294.8999938964844,250,73724.9984741211,Salesforce Inc.,,,,
2025-02-28 00:00:00-05:00,HD,LONG_EXIT,396.6000061035156,250,99150.0015258789,,1529.998779296875,1.5673004878607677,2.0,profit_target
2025-02-28 00:00:00-05:00,CRM,LONG_EXIT,297.8500061035156,250,74462.5015258789,,737.5030517578125,1.0003432580832001,1.0,profit_target
2025-03-03 00:00:00-05:00,ABBV,LONG_ENTRY,211.47999572753903,250,52869.99893188476,AbbVie Inc.,,,,
2025-03-03 00:00:00-05:00,AVGO,LONG_ENTRY,187.3699951171875,250,46842.498779296875,Broadcom Inc.,,,,
2025-03-03 00:00:00-05:00,COST,LONG_ENTRY,1046.8499755859375,250,261712.49389648438,Costco Wholesale Corporation,,,,
2025-03-03 00:00:00-05:00,DIS,LONG_ENTRY,112.79000091552734,250,28197.500228881836,Walt Disney Company,,,,
2025-03-03 00:00:00-05:00,NVDA,LONG_ENTRY,114.05999755859376,250,28514.99938964844,NVIDIA Corporation,,,,
2025-03-03 00:00:00-05:00,ORCL,LONG_ENTRY,162.02000427246094,250,40505.001068115234,Oracle Corporation,,,,
2025-03-03 00:00:00-05:00,V,LONG_ENTRY,361.8200073242187,250,90455.00183105467,Visa Inc.,,,,
2025-03-04 00:00:00-05:00,ABBV,LONG_EXIT,207.7599945068359,250,51939.99862670898,,-930.0003051757812,-1.759032199667623,1.0,stop_loss
2025-03-04 00:00:00-05:00,COST,LONG_EXIT,1036.8699951171875,250,259217.49877929688,,-2494.9951171875,-0.9533343555903564,1.0,stop_loss
2025-03-04 00:00:00-05:00,DIS,LONG_EXIT,109.01000213623048,250,27252.50053405762,,-944.9996948242152,-3.351359826770321,1.0,stop_loss
2025-03-04 00:00:00-05:00,NVDA,LONG_EXIT,115.98999786376952,250,28997.49946594238,,482.5000762939382,1.6920921852416244,1.0,profit_target
2025-03-04 00:00:00-05:00,ORCL,LONG_EXIT,157.47000122070312,250,39367.50030517578,,-1137.5007629394531,-2.8082970817025164,1.0,stop_loss
2025-03-04 00:00:00-05:00,V,LONG_EXIT,352.2300109863281,250,88057.50274658203,,-2397.499084472642,-2.650488127732857,1.0,stop_loss
2025-03-05 00:00:00-05:00,AVGO,LONG_EXIT,191.5800018310547,250,47895.00045776367,,1052.5016784667969,2.2468948196503433,2.0,profit_target
2025-03-05 00:00:00-05:00,NVDA,LONG_ENTRY,117.3000030517578,250,29325.00076293945,NVIDIA Corporation,,,,
2025-03-06 00:00:00-05:00,NVDA,LONG_EXIT,110.56999969482422,250,27642.499923706055,,-1682.5008392333948,-5.737428117511653,1.0,stop_loss
2025-03-10 00:00:00-04:00,AVGO,LONG_ENTRY,184.4499969482422,250,46112.49923706055,Broadcom Inc.,,,,
2025-03-10 00:00:00-04:00,CMCSA,LONG_ENTRY,36.11000061035156,250,9027.50015258789,Comcast Corporation,,,,
2025-03-11 00:00:00-04:00,AVGO,LONG_EXIT,190.08999633789065,250,47522.49908447266,,1409.9998474121164,3.0577389444094623,1.0,profit_target
2025-03-11 00:00:00-04:00,CVX,LONG_ENTRY,154.0800018310547,250,38520.00045776367,Chevron Corporation,,,,
2025-03-12 00:00:00-04:00,CMCSA,LONG_EXIT,35.189998626708984,250,8797.499656677246,,-230.00049591064453,-2.547776150906083,2.0,stop_loss
2025-03-12 00:00:00-04:00,CVX,LONG_EXIT,152.6699981689453,250,38167.49954223633,,-352.50091552734375,-0.9151114001513401,1.0,stop_loss
2025-03-12 00:00:00-04:00,NFLX,LONG_ENTRY,919.6799926757812,250,229919.9981689453,Netflix Inc.,,,,
2025-03-12 00:00:00-04:00,TSLA,LONG_ENTRY,248.08999633789065,250,62022.49908447266,Tesla Inc.,,,,
2025-03-13 00:00:00-04:00,NFLX,LONG_EXIT,890.1699829101562,250,222542.49572753906,,-7377.50244140625,-3.208725861238594,1.0,stop_loss
2025-03-13 00:00:00-04:00,TSLA,LONG_EXIT,240.67999267578125,250,60169.99816894531,,-1852.5009155273508,-2.986820819658208,1.0,stop_loss
2025-03-13 00:00:00-04:00,ADBE,LONG_ENTRY,377.8399963378906,250,94459.99908447266,Adobe Inc.,,,,
2025-03-14 00:00:00-04:00,ADBE,LONG_EXIT,394.739990234375,250,98684.99755859375,,4224.998474121094,4.472791144474613,1.0,profit_target
2025-03-14 00:00:00-04:00,INTC,LONG_ENTRY,24.049999237060547,250,6012.499809265137,Intel Corporation,,,,
2025-03-17 00:00:00-04:00,INTC,LONG_EXIT,25.690000534057617,250,6422.500133514404,,410.0003242492676,6.8191324283697385,3.0,profit_target
2025-03-17 00:00:00-04:00,ADBE,LONG_ENTRY,399.3399963378906,250,99834.99908447266,Adobe Inc.,,,,
2025-03-18 00:00:00-04:00,ADBE,LONG_EXIT,391.3699951171875,250,97842.49877929688,,-1992.5003051757812,-1.9957933825289882,1.0,stop_loss
2025-03-20 00:00:00-04:00,BA,LONG_ENTRY,172.8300018310547,250,43207.50045776367,Boeing Company,,,,
2025-03-21 00:00:00-04:00,BA,LONG_EXIT,178.11000061035156,250,44527.50015258789,,1319.9996948242188,3.055024430572069,1.0,profit_target
2025-03-24 00:00:00-04:00,AAPL,LONG_ENTRY,220.72999572753903,250,55182.49893188476,Apple Inc.,,,,
2025-03-24 00:00:00-04:00,ACN,LONG_ENTRY,307.17999267578125,250,76794.99816894531,Accenture plc,,,,
2025-03-24 00:00:00-04:00,BA,LONG_ENTRY,180.8999938964844,250,45224.9984741211,Boeing Company,,,,
2025-03-24 00:00:00-04:00,CMCSA,LONG_ENTRY,36.599998474121094,250,9149.999618530273,Comcast Corporation,,,,
2025-03-24 00:00:00-04:00,JPM,LONG_ENTRY,248.05999755859375,250,62014.99938964844,JPMorgan Chase & Co.,,,,
2025-03-24 00:00:00-04:00,MSFT,LONG_ENTRY,393.0799865722656,250,98269.9966430664,Microsoft Corporation,,,,
2025-03-24 00:00:00-04:00,UNH,LONG_ENTRY,516.5,250,129125.0,UnitedHealth Group Incorporated,,,,
2025-03-25 00:00:00-04:00,AAPL,LONG_EXIT,223.75,250,55937.5,,755.0010681152414,1.3681893403326784,1.0,profit_target
2025-03-25 00:00:00-04:00,ACN,LONG_EXIT,308.8999938964844,250,77224.9984741211,,430.00030517578125,0.5599326979991603,1.0,profit_target
2025-03-25 00:00:00-04:00,BA,LONG_EXIT,182.58999633789065,250,45647.49908447266,,422.5006103515625,0.9342191809985977,1.0,profit_target
2025-03-25 00:00:00-04:00,CMCSA,LONG_EXIT,36.939998626708984,250,9234.999656677246,,85.00003814697266,0.9289622042697513,1.0,profit_target
2025-03-25 00:00:00-04:00,JPM,LONG_EXIT,251.1300048828125,250,62782.501220703125,,767.5018310546875,1.237606770311118,1.0,profit_target
2025-03-25 00:00:00-04:00,MSFT,LONG_EXIT,395.1600036621094,250,98790.00091552734,,520.0042724609375,0.529158736363534,1.0,profit_target
2025-03-25 00:00:00-04:00,UNH,LONG_EXIT,513.4299926757812,250,128357.49816894531,,-767.5018310546875,-0.5943867036241529,1.0,stop_loss
2025-04-01 00:00:00-04:00,ABBV,LONG_ENTRY,206.27000427246097,250,51567.50106811524,AbbVie Inc.,,,,
2025-04-01 00:00:00-04:00,MA,LONG_ENTRY,548.510009765625,250,137127.50244140625,Mastercard Incorporated,,,,
2025-04-02 00:00:00-04:00,ABBV,LONG_EXIT,205.19000244140625,250,51297.50061035156,,-270.000457763679,-0.5235864685532013,1.0,stop_loss
2025-04-03 00:00:00-04:00,MA,LONG_EXIT,530.5499877929688,250,132637.4969482422,,-4490.0054931640625,-3.2743289371018878,2.0,stop_loss
2025-04-03 00:00:00-04:00,TSLA,LONG_ENTRY,267.2799987792969,250,66819.99969482422,Tesla Inc.,,,,
2025-04-04 00:00:00-04:00,TSLA,LONG_EXIT,239.42999267578125,250,59857.49816894531,,-6962.501525878906,-10.419786826814684,1.0,stop_loss
2025-04-04 00:00:00-04:00,INTC,LONG_ENTRY,19.850000381469727,250,4962.500095367432,Intel Corporation,,,,
2025-04-04 00:00:00-04:00,PM,LONG_ENTRY,150.6199951171875,250,37654.998779296875,Philip Morris International Inc.,,,,
2025-04-04 00:00:00-04:00,UNH,LONG_ENTRY,525.0499877929688,250,131262.4969482422,UnitedHealth Group Incorporated,,,,
2025-04-07 00:00:00-04:00,INTC,LONG_EXIT,19.56999969482422,250,4892.499923706055,,-70.00017166137695,-1.4105827771514434,3.0,stop_loss
2025-04-07 00:00:00-04:00,PM,LONG_EXIT,151.22999572753906,250,37807.498931884766,,152.50015258789062,0.4049931152082174,3.0,profit_target
2025-04-07 00:00:00-04:00,NKE,LONG_ENTRY,55.61000061035156,250,13902.50015258789,NIKE Inc.,,,,
2025-04-08 00:00:00-04:00,UNH,LONG_EXIT,553.0800170898438,250,138270.00427246094,,7007.50732421875,5.338544890687142,4.0,profit_target
2025-04-08 00:00:00-04:00,NKE,LONG_EXIT,53.27000045776367,250,13317.500114440918,,-585.0000381469727,-4.2078765094498305,1.0,stop_loss
2025-04-08 00:00:00-04:00,AMZN,LONG_ENTRY,170.66000366210938,250,42665.000915527344,Amazon.com Inc.,,,,
2025-04-08 00:00:00-04:00,AVGO,LONG_ENTRY,156.02999877929688,250,39007.49969482422,Broadcom Inc.,,,,
2025-04-08 00:00:00-04:00,BA,LONG_ENTRY,139.38999938964844,250,34847.49984741211,Boeing Company,,,,
2025-04-08 00:00:00-04:00,CRM,LONG_ENTRY,243.9900054931641,250,60997.50137329102,Salesforce Inc.,,,,
2025-04-08 00:00:00-04:00,GE,LONG_ENTRY,169.3699951171875,250,42342.498779296875,General Electric Company,,,,
2025-04-08 00:00:00-04:00,GOOGL,LONG_ENTRY,144.6999969482422,250,36174.99923706055,Alphabet Inc. Class A,,,,
2025-04-08 00:00:00-04:00,JPM,LONG_ENTRY,216.8699951171875,250,54217.498779296875,JPMorgan Chase & Co.,,,,
2025-04-08 00:00:00-04:00,META,LONG_ENTRY,510.4500122070313,250,127612.50305175783,Meta Platforms Inc.,,,,
2025-04-08 00:00:00-04:00,NVDA,LONG_ENTRY,96.3000030517578,250,24075.00076293945,NVIDIA Corporation,,,,
2025-04-08 00:00:00-04:00,PM,LONG_ENTRY,149.22999572753906,250,37307.498931884766,Philip Morris International Inc.,,,,
2025-04-08 00:00:00-04:00,QCOM,LONG_ENTRY,124.66000366210938,250,31165.000915527344,QUALCOMM Incorporated,,,,
2025-04-08 00:00:00-04:00,TXN,LONG_ENTRY,146.00999450683594,250,36502.498626708984,Texas Instruments Incorporated,,,,
2025-04-09 00:00:00-04:00,AMZN,LONG_EXIT,191.1000061035156,250,47775.0015258789,,5110.000610351555,11.977031526306238,1.0,profit_target
2025-04-09 00:00:00-04:00,AVGO,LONG_EXIT,185.1499938964844,250,46287.4984741211,,7279.998779296882,18.663074629884164,1.0,profit_target
2025-04-09 00:00:00-04:00,BA,LONG_EXIT,160.82000732421875,250,40205.00183105469,,5357.501983642578,15.374135898132286,1.0,profit_target
2025-04-09 00:00:00-04:00,CRM,LONG_EXIT,265.1700134277344,250,66292.5033569336,,5295.001983642571,8.680686691145507,1.0,profit_target
2025-04-09 00:00:00-04:00,GE,LONG_EXIT,187.27000427246097,250,46817.50106811524,,4475.002288818367,10.568583380361089,1.0,profit_target
2025-04-09 00:00:00-04:00,GOOGL,LONG_EXIT,158.7100067138672,250,39677.5016784668,,3502.50244140625,9.682107851485474,1.0,profit_target
2025-04-09 00:00:00-04:00,JPM,LONG_EXIT,234.33999633789065,250,58584.99908447266,,4367.5003051757885,8.055517874320556,1.0,profit_target
2025-04-09 00:00:00-04:00,META,LONG_EXIT,585.77001953125,250,146442.5048828125,,18830.001831054673,14.755608879027701,1.0,profit_target
2025-04-09 00:00:00-04:00,NVDA,LONG_EXIT,114.33000183105467,250,28582.50045776367,,4507.499694824219,18.722739572091598,1.0,profit_target
2025-04-09 00:00:00-04:00,PM,LONG_EXIT,151.8000030517578,250,37950.00076293945,,642.5018310546875,1.7221787829512603,1.0,profit_target
2025-04-09 00:00:00-04:00,QCOM,LONG_EXIT,143.58999633789062,250,35897.499084472656,,4732.4981689453125,15.185297705502196,1.0,profit_target
2025-04-09 00:00:00-04:00,TXN,LONG_EXIT,169.5,250,42375.0,,5872.501373291016,16.087943549689196,1.0,profit_target
2025-04-09 00:00:00-04:00,AVGO,LONG_ENTRY,185.1499938964844,250,46287.4984741211,Broadcom Inc.,,,,
2025-04-09 00:00:00-04:00,GE,LONG_ENTRY,187.27000427246097,250,46817.50106811524,General Electric Company,,,,
2025-04-09 00:00:00-04:00,UNH,LONG_ENTRY,578.5,250,144625.0,UnitedHealth Group Incorporated,,,,
2025-04-10 00:00:00-04:00,AVGO,LONG_EXIT,172.3000030517578,250,43075.00076293945,,-3212.497711181648,-6.940313944547522,1.0,stop_loss
2025-04-10 00:00:00-04:00,GE,LONG_EXIT,181.5099945068359,250,45377.49862670898,,-1440.002441406264,-3.0757780927076617,1.0,stop_loss
2025-04-10 00:00:00-04:00,UNH,LONG_EXIT,594.4000244140625,250,148600.00610351562,,3975.006103515625,2.748491687824114,1.0,profit_target
2025-04-10 00:00:00-04:00,AAPL,LONG_ENTRY,190.4199981689453,250,47604.99954223633,Apple Inc.,,,,
2025-04-10 00:00:00-04:00,ABBV,LONG_ENTRY,174.1999969482422,250,43549.99923706055,AbbVie Inc.,,,,
2025-04-10 00:00:00-04:00,AMD,LONG_ENTRY,88.69999694824219,250,22174.999237060547,Advanced Micro Devices Inc.,,,,
2025-04-10 00:00:00-04:00,AMZN,LONG_ENTRY,181.22000122070312,250,45305.00030517578,Amazon.com Inc.,,,,
2025-04-10 00:00:00-04:00,AVGO,LONG_ENTRY,172.3000030517578,250,43075.00076293945,Broadcom Inc.,,,,
2025-04-10 00:00:00-04:00,BA,LONG_ENTRY,155.52000427246094,250,38880.001068115234,Boeing Company,,,,
2025-04-10 00:00:00-04:00,CAT,LONG_ENTRY,289.1600036621094,250,72290.00091552734,Caterpillar Inc.,,,,
2025-04-10 00:00:00-04:00,CMCSA,LONG_ENTRY,33.68000030517578,250,8420.000076293945,Comcast Corporation,,,,
2025-04-10 00:00:00-04:00,COST,LONG_ENTRY,964.3099975585938,250,241077.49938964844,Costco Wholesale Corporation,,,,
2025-04-10 00:00:00-04:00,CRM,LONG_ENTRY,255.1199951171875,250,63779.998779296875,Salesforce Inc.,,,,
2025-04-10 00:00:00-04:00,CSCO,LONG_ENTRY,56.59000015258789,250,14147.500038146973,Cisco Systems Inc.,,,,
2025-04-10 00:00:00-04:00,CVX,LONG_ENTRY,134.97999572753906,250,33744.998931884766,Chevron Corporation,,,,
2025-04-10 00:00:00-04:00,DHR,LONG_ENTRY,180.7599945068359,250,45189.99862670898,Danaher Corporation,,,,
2025-04-10 00:00:00-04:00,DIS,LONG_ENTRY,85.2300033569336,250,21307.5008392334,Walt Disney Company,,,,
2025-04-10 00:00:00-04:00,GE,LONG_ENTRY,181.5099945068359,250,45377.49862670898,General Electric Company,,,,
2025-04-10 00:00:00-04:00,GOOGL,LONG_ENTRY,152.82000732421875,250,38205.00183105469,Alphabet Inc. Class A,,,,
2025-04-10 00:00:00-04:00,HON,LONG_ENTRY,193.38999938964844,250,48347.49984741211,Honeywell International Inc.,,,,
2025-04-10 00:00:00-04:00,INTC,LONG_ENTRY,19.8799991607666,250,4969.99979019165,Intel Corporation,,,,
2025-04-11 00:00:00-04:00,AAPL,LONG_EXIT,198.1499938964844,250,49537.4984741211,,1932.4989318847727,4.059445332354666,1.0,profit_target
2025-04-11 00:00:00-04:00,ABBV,LONG_EXIT,175.0500030517578,250,43762.50076293945,,212.50152587890625,0.4879484032185009,1.0,profit_target
2025-04-11 00:00:00-04:00,AMD,LONG_EXIT,93.4000015258789,250,23350.000381469727,,1175.0011444091797,5.298765207826606,1.0,profit_target
2025-04-11 00:00:00-04:00,AMZN,LONG_EXIT,184.8699951171875,250,46217.498779296875,,912.4984741210938,2.014123094524838,1.0,profit_target
2025-04-11 00:00:00-04:00,AVGO,LONG_EXIT,181.94000244140625,250,45485.00061035156,,2409.9998474121094,5.594892175801439,1.0,profit_target
2025-04-11 00:00:00-04:00,BA,LONG_EXIT,156.83999633789062,250,39209.999084472656,,329.9980163574219,0.8487603068201742,1.0,profit_target
2025-04-11 00:00:00-04:00,CAT,LONG_EXIT,293.45001220703125,250,73362.50305175781,,1072.5021362304688,1.4836106275385361,1.0,profit_target
2025-04-11 00:00:00-04:00,CSCO,LONG_EXIT,57.33000183105469,250,14332.500457763672,,185.00041961669922,1.3076544910257546,1.0,profit_target
2025-04-11 00:00:00-04:00,CVX,LONG_EXIT,135.6300048828125,250,33907.501220703125,,162.50228881835938,0.48155962057185075,1.0,profit_target
2025-04-11 00:00:00-04:00,DHR,LONG_EXIT,188.72999572753903,250,47182.49893188476,,1992.5003051757812,4.409162128184131,1.0,profit_target
2025-04-11 00:00:00-04:00,GOOGL,LONG_EXIT,157.13999938964844,250,39284.99984741211,,1079.9980163574219,2.8268497960901877,1.0,profit_target
2025-04-11 00:00:00-04:00,HON,LONG_EXIT,198.5500030517578,250,49637.50076293945,,1290.0009155273438,2.668185365528045,1.0,profit_target
2025-04-11 00:00:00-04:00,INTC,LONG_EXIT,19.739999771118164,250,4934.999942779541,,-34.999847412109375,-0.7042223116625067,1.0,stop_loss
2025-04-11 00:00:00-04:00,UNH,LONG_ENTRY,599.469970703125,250,149867.49267578125,UnitedHealth Group Incorporated,,,,
2025-04-14 00:00:00-04:00,CMCSA,LONG_EXIT,34.150001525878906,250,8537.500381469727,,117.50030517578125,1.3954905476378439,4.0,profit_target
2025-04-14 00:00:00-04:00,COST,LONG_EXIT,979.3200073242188,250,244830.0018310547,,3752.50244140625,1.5565544071540083,4.0,profit_target
2025-04-14 00:00:00-04:00,DIS,LONG_EXIT,84.66000366210938,250,21165.000915527344,,-142.4999237060547,-0.6687782146823633,4.0,stop_loss
2025-04-14 00:00:00-04:00,GE,LONG_EXIT,186.0,250,46500.0,,1122.5013732910227,2.473696010714711,4.0,profit_target
2025-04-14 00:00:00-04:00,UNH,LONG_EXIT,587.0599975585938,250,146764.99938964844,,-3102.4932861328125,-2.070157597715104,3.0,stop_loss
2025-04-16 00:00:00-04:00,CRM,LONG_EXIT,249.83999633789065,250,62459.99908447266,,-1319.9996948242117,-2.0696138602823027,6.0,stop_loss
2025-04-16 00:00:00-04:00,NFLX,LONG_ENTRY,961.6300048828124,250,240407.5012207031,Netflix Inc.,,,,
2025-04-17 00:00:00-04:00,NFLX,LONG_EXIT,973.030029296875,250,243257.50732421875,,2850.006103515653,1.185489674425442,1.0,profit_target
2025-04-21 00:00:00-04:00,LLY,LONG_ENTRY,818.02001953125,250,204505.0048828125,Eli Lilly and Company,,,,
2025-04-21 00:00:00-04:00,NFLX,LONG_ENTRY,987.9099731445312,250,246977.4932861328,Netflix Inc.,,,,
2025-04-22 00:00:00-04:00,LLY,LONG_EXIT,827.5399780273438,250,206884.99450683594,,2379.9896240234375,1.1637806250205187,1.0,profit_target
2025-04-22 00:00:00-04:00,NFLX,LONG_EXIT,1040.3399658203125,250,260084.99145507812,,13107.498168945312,5.307163010906333,1.0,profit_target
2025-04-22 00:00:00-04:00,NFLX,LONG_ENTRY,1040.3399658203125,250,260084.99145507812,Netflix Inc.,,,,
2025-04-23 00:00:00-04:00,NFLX,LONG_EXIT,1049.5899658203125,250,262397.4914550781,,2312.5,0.8891324282352583,1.0,profit_target
2025-04-23 00:00:00-04:00,GE,LONG_ENTRY,193.67999267578125,250,48419.99816894531,General Electric Company,,,,
2025-04-23 00:00:00-04:00,NFLX,LONG_ENTRY,1049.5899658203125,250,262397.4914550781,Netflix Inc.,,,,
2025-04-24 00:00:00-04:00,GE,LONG_EXIT,197.41000366210935,250,49352.50091552734,,932.5027465820242,1.925862829090512,1.0,profit_target
2025-04-24 00:00:00-04:00,NFLX,LONG_EXIT,1096.8699951171875,250,274217.4987792969,,11820.00732421875,4.504619026147324,1.0,profit_target
2025-04-24 00:00:00-04:00,BA,LONG_ENTRY,176.25999450683594,250,44064.998626708984,Boeing Company,,,,
2025-04-24 00:00:00-04:00,IBM,LONG_ENTRY,229.3300018310547,250,57332.50045776367,International Business Machines Corporation,,,,
2025-04-25 00:00:00-04:00,BA,LONG_EXIT,177.9499969482422,250,44487.49923706055,,422.5006103515625,0.9588122626094295,1.0,profit_target
2025-04-25 00:00:00-04:00,IBM,LONG_EXIT,232.41000366210935,250,58102.50091552734,,770.0004577636648,1.3430435644977967,1.0,profit_target
2025-04-25 00:00:00-04:00,TXN,LONG_ENTRY,162.86000061035156,250,40715.00015258789,Texas Instruments Incorporated,,,,
2025-04-28 00:00:00-04:00,MRK,LONG_ENTRY,83.19000244140625,250,20797.500610351562,Merck & Co. Inc.,,,,
2025-04-29 00:00:00-04:00,TXN,LONG_EXIT,160.77000427246094,250,40192.501068115234,,-522.4990844726562,-1.2833085656747705,4.0,stop_loss
2025-04-29 00:00:00-04:00,MRK,LONG_EXIT,84.70999908447266,250,21177.499771118164,,379.99916076660156,1.8271385965362787,1.0,profit_target
2025-04-30 00:00:00-04:00,HON,LONG_ENTRY,210.5,250,52625.0,Honeywell International Inc.,,,,
2025-05-02 00:00:00-04:00,HON,LONG_EXIT,214.1300048828125,250,53532.501220703125,,907.501220703125,1.7244678778206652,2.0,profit_target
2025-05-02 00:00:00-04:00,MSFT,LONG_ENTRY,435.2799987792969,250,108819.99969482422,Microsoft Corporation,,,,
2025-05-08 00:00:00-04:00,MSFT,LONG_EXIT,438.1700134277344,250,109542.5033569336,,722.503662109375,0.663943819275474,6.0,profit_target
2025-05-08 00:00:00-04:00,AMD,LONG_ENTRY,101.6999969482422,250,25424.99923706055,Advanced Micro Devices Inc.,,,,
2025-05-08 00:00:00-04:00,DIS,LONG_ENTRY,105.12000274658205,250,26280.00068664551,Walt Disney Company,,,,
2025-05-09 00:00:00-04:00,AMD,LONG_EXIT,102.83999633789062,250,25709.999084472656,,284.99984741210585,1.1209433862899711,1.0,profit_target
2025-05-09 00:00:00-04:00,DIS,LONG_EXIT,105.94000244140624,250,26485.00061035156,,204.99992370604758,0.7800605721072933,1.0,profit_target
2025-05-09 00:00:00-04:00,BA,LONG_ENTRY,194.8500061035156,250,48712.5015258789,Boeing Company,,,,
2025-05-09 00:00:00-04:00,DIS,LONG_ENTRY,105.94000244140624,250,26485.00061035156,Walt Disney Company,,,,
2025-05-09 00:00:00-04:00,GOOGL,LONG_ENTRY,152.75,250,38187.5,Alphabet Inc. Class A,,,,
2025-05-12 00:00:00-04:00,BA,LONG_EXIT,198.52999877929688,250,49632.49969482422,,919.9981689453195,1.8886284631811883,3.0,profit_target
2025-05-12 00:00:00-04:00,DIS,LONG_EXIT,110.48999786376952,250,27622.49946594238,,1137.4988555908203,4.2948794765979095,3.0,profit_target
2025-05-12 00:00:00-04:00,GOOGL,LONG_EXIT,158.4600067138672,250,39615.0016784668,,1427.5016784667969,3.7381386015497133,3.0,profit_target
2025-05-13 00:00:00-04:00,ABBV,LONG_ENTRY,188.0,250,47000.0,AbbVie Inc.,,,,
2025-05-13 00:00:00-04:00,AMZN,LONG_ENTRY,211.3699951171875,250,52842.498779296875,Amazon.com Inc.,,,,
2025-05-13 00:00:00-04:00,CAT,LONG_ENTRY,352.5400085449219,250,88135.00213623047,Caterpillar Inc.,,,,
2025-05-13 00:00:00-04:00,DHR,LONG_ENTRY,196.61000061035156,250,49152.50015258789,Danaher Corporation,,,,
2025-05-13 00:00:00-04:00,DIS,LONG_ENTRY,111.37999725341795,250,27844.99931335449,Walt Disney Company,,,,
2025-05-13 00:00:00-04:00,LLY,LONG_ENTRY,746.0599975585938,250,186514.99938964844,Eli Lilly and Company,,,,
2025-05-13 00:00:00-04:00,NKE,LONG_ENTRY,62.38999938964844,250,15597.49984741211,NIKE Inc.,,,,
2025-05-13 00:00:00-04:00,TXN,LONG_ENTRY,188.1999969482422,250,47049.99923706055,Texas Instruments Incorporated,,,,
2025-05-14 00:00:00-04:00,ABBV,LONG_EXIT,177.44000244140625,250,44360.00061035156,,-2639.9993896484375,-5.617019977975398,1.0,stop_loss
2025-05-14 00:00:00-04:00,AMZN,LONG_EXIT,210.25,250,52562.5,,-279.998779296875,-0.529874222008925,1.0,stop_loss
2025-05-14 00:00:00-04:00,CAT,LONG_EXIT,349.6600036621094,250,87415.00091552734,,-720.001220703125,-0.8169299407177838,1.0,stop_loss
2025-05-14 00:00:00-04:00,DHR,LONG_EXIT,187.82000732421875,250,46955.00183105469,,-2197.498321533203,-4.470776287495733,1.0,stop_loss
2025-05-14 00:00:00-04:00,DIS,LONG_EXIT,112.94000244140624,250,28235.00061035156,,390.0012969970703,1.4006152149913156,1.0,profit_target
2025-05-14 00:00:00-04:00,LLY,LONG_EXIT,715.5599975585938,250,178889.99938964844,,-7625.0,-4.088143058173362,1.0,stop_loss
2025-05-14 00:00:00-04:00,NKE,LONG_EXIT,61.72999954223633,250,15432.499885559082,,-164.99996185302734,-1.0578616026106495,1.0,stop_loss
2025-05-14 00:00:00-04:00,BA,LONG_ENTRY,204.72000122070312,250,51180.00030517578,Boeing Company,,,,
2025-05-15 00:00:00-04:00,BA,LONG_EXIT,206.2400054931641,250,51560.00137329102,,380.0010681152415,0.7424796128358216,1.0,profit_target
2025-05-15 00:00:00-04:00,AMD,LONG_ENTRY,114.98999786376952,250,28747.49946594238,Advanced Micro Devices Inc.,,,,
2025-05-15 00:00:00-04:00,BA,LONG_ENTRY,206.2400054931641,250,51560.00137329102,Boeing Company,,,,
2025-05-16 00:00:00-04:00,AMD,LONG_EXIT,117.16999816894533,250,29292.49954223633,,545.0000762939524,1.89581732818057,1.0,profit_target
2025-05-16 00:00:00-04:00,CSCO,LONG_ENTRY,63.619998931884766,250,15904.999732971191,Cisco Systems Inc.,,,,
2025-05-16 00:00:00-04:00,DHR,LONG_ENTRY,196.11000061035156,250,49027.50015258789,Danaher Corporation,,,,
2025-05-19 00:00:00-04:00,CSCO,LONG_EXIT,63.91999816894531,250,15979.999542236328,,74.99980926513672,0.4715486358019957,3.0,profit_target
2025-05-19 00:00:00-04:00,ADBE,LONG_ENTRY,420.6799926757813,250,105169.99816894533,Adobe Inc.,,,,
2025-05-19 00:00:00-04:00,UNH,LONG_ENTRY,315.8900146484375,250,78972.50366210938,UnitedHealth Group Incorporated,,,,
2025-05-20 00:00:00-04:00,TXN,LONG_EXIT,188.7100067138672,250,47177.5016784668,,127.50244140625,0.27099350366369046,7.0,max_hold_days
2025-05-20 00:00:00-04:00,BA,LONG_EXIT,207.6699981689453,250,51917.49954223633,,357.4981689453054,0.6933633813487361,5.0,profit_target
2025-05-20 00:00:00-04:00,DHR,LONG_EXIT,197.77000427246097,250,49442.50106811524,,415.00091552735086,0.8464655840818864,4.0,profit_target
2025-05-20 00:00:00-04:00,ADBE,LONG_EXIT,417.6099853515625,250,104402.49633789062,,-767.5018310547017,-0.7297726009482144,1.0,stop_loss
2025-05-20 00:00:00-04:00,UNH,LONG_EXIT,321.5799865722656,250,80394.9966430664,,1422.4929809570312,1.8012509607689398,1.0,profit_target
2025-05-20 00:00:00-04:00,UNH,LONG_ENTRY,321.5799865722656,250,80394.9966430664,UnitedHealth Group Incorporated,,,,
2025-05-21 00:00:00-04:00,UNH,LONG_EXIT,302.9800109863281,250,75745.00274658203,,-4649.993896484375,-5.7839344370262,1.0,stop_loss
2025-05-21 00:00:00-04:00,UNH,LONG_ENTRY,302.9800109863281,250,75745.00274658203,UnitedHealth Group Incorporated,,,,
2025-05-22 00:00:00-04:00,UNH,LONG_EXIT,296.6700134277344,250,74167.5033569336,,-1577.4993896484375,-2.08264483787298,1.0,stop_loss
2025-05-22 00:00:00-04:00,GOOGL,LONG_ENTRY,170.8699951171875,250,42717.498779296875,Alphabet Inc. Class A,,,,
2025-05-23 00:00:00-04:00,GOOGL,LONG_EXIT,168.47000122070312,250,42117.50030517578,,-599.9984741210938,-1.4045730467999318,1.0,stop_loss
2025-05-23 00:00:00-04:00,GOOGL,LONG_ENTRY,168.47000122070312,250,42117.50030517578,Alphabet Inc. Class A,,,,
2025-05-27 00:00:00-04:00,GOOGL,LONG_EXIT,172.89999389648438,250,43224.998474121094,,1107.4981689453125,2.6295439209843443,4.0,profit_target
2025-05-28 00:00:00-04:00,CRM,LONG_ENTRY,276.0299987792969,250,69007.49969482422,Salesforce Inc.,,,,
2025-05-29 00:00:00-04:00,CRM,LONG_EXIT,266.9200134277344,250,66730.0033569336,,-2277.496337890625,-3.300360610024311,1.0,stop_loss
2025-05-29 00:00:00-04:00,GE,LONG_ENTRY,244.16000366210935,250,61040.00091552734,General Electric Company,,,,
2025-05-30 00:00:00-04:00,GE,LONG_EXIT,245.91000366210935,250,61477.50091552734,,437.5,0.7167431085157616,1.0,profit_target
2025-05-30 00:00:00-04:00,BA,LONG_ENTRY,207.32000732421875,250,51830.00183105469,Boeing Company,,,,
2025-05-30 00:00:00-04:00,NVDA,LONG_ENTRY,135.1300048828125,250,33782.501220703125,NVIDIA Corporation,,,,
2025-06-02 00:00:00-04:00,BA,LONG_EXIT,211.47000122070312,250,52867.50030517578,,1037.4984741210938,2.001733431349141,3.0,profit_target
2025-06-02 00:00:00-04:00,NVDA,LONG_EXIT,137.3800048828125,250,34345.001220703125,,562.5,1.6650632122386482,3.0,profit_target
2025-06-02 00:00:00-04:00,ADBE,LONG_ENTRY,403.3999938964844,250,100849.9984741211,Adobe Inc.,,,,
2025-06-02 00:00:00-04:00,CMCSA,LONG_ENTRY,34.33000183105469,250,8582.500457763672,Comcast Corporation,,,,
2025-06-02 00:00:00-04:00,COST,LONG_ENTRY,1056.8499755859375,250,264212.4938964844,Costco Wholesale Corporation,,,,
2025-06-02 00:00:00-04:00,GE,LONG_ENTRY,247.47999572753903,250,61869.99893188476,General Electric Company,,,,
2025-06-02 00:00:00-04:00,HON,LONG_ENTRY,225.52000427246097,250,56380.00106811524,Honeywell International Inc.,,,,
2025-06-02 00:00:00-04:00,MA,LONG_ENTRY,581.219970703125,250,145304.99267578125,Mastercard Incorporated,,,,
2025-06-02 00:00:00-04:00,MSFT,LONG_ENTRY,461.9700012207031,250,115492.50030517578,Microsoft Corporation,,,,
2025-06-02 00:00:00-04:00,ORCL,LONG_ENTRY,166.57000732421875,250,41642.50183105469,Oracle Corporation,,,,
2025-06-02 00:00:00-04:00,PM,LONG_ENTRY,182.75,250,45687.5,Philip Morris International Inc.,,,,
2025-06-02 00:00:00-04:00,V,LONG_ENTRY,365.3200073242187,250,91330.00183105467,Visa Inc.,,,,
2025-06-03 00:00:00-04:00,ADBE,LONG_EXIT,412.489990234375,250,103122.49755859375,,2272.4990844726562,2.253345680571128,1.0,profit_target
2025-06-03 00:00:00-04:00,CMCSA,LONG_EXIT,34.65999984741211,250,8664.999961853027,,82.49950408935547,0.9612525451685467,1.0,profit_target
2025-06-03 00:00:00-04:00,GE,LONG_EXIT,248.8699951171875,250,62217.498779296875,,347.4998474121165,0.5616613114777865,1.0,profit_target
2025-06-03 00:00:00-04:00,HON,LONG_EXIT,226.77000427246097,250,56692.50106811524,,312.5,0.5542745549480471,1.0,profit_target
2025-06-03 00:00:00-04:00,ORCL,LONG_EXIT,169.13999938964844,250,42284.99984741211,,642.4980163574219,1.5428900476826832,1.0,profit_target
2025-06-04 00:00:00-04:00,MA,LONG_EXIT,584.1300048828125,250,146032.50122070312,,727.508544921875,0.500676908291213,2.0,profit_target
2025-06-04 00:00:00-04:00,MSFT,LONG_EXIT,463.8699951171875,250,115967.49877929688,,474.99847412109375,0.41128079560661024,2.0,profit_target
2025-06-04 00:00:00-04:00,PM,LONG_EXIT,180.66000366210935,250,45165.00091552734,,-522.4990844726633,-1.1436368469989895,2.0,stop_loss
2025-06-04 00:00:00-04:00,V,LONG_EXIT,368.0,250,92000.0,,669.9981689453267,0.7336013965977051,2.0,profit_target
2025-06-04 00:00:00-04:00,AVGO,LONG_ENTRY,261.0799865722656,250,65269.996643066406,Broadcom Inc.,,,,
2025-06-05 00:00:00-04:00,COST,LONG_EXIT,1010.8099975585938,250,252702.49938964844,,-11509.994506835938,-4.3563399811613115,3.0,stop_loss
2025-06-06 00:00:00-04:00,AVGO,LONG_EXIT,246.92999267578125,250,61732.49816894531,,-3537.4984741210938,-5.419792639895716,2.0,stop_loss
2025-06-11 00:00:00-04:00,DIS,LONG_ENTRY,119.5199966430664,250,29879.9991607666,Walt Disney Company,,,,
2025-06-11 00:00:00-04:00,INTC,LONG_ENTRY,20.68000030517578,250,5170.000076293945,Intel Corporation,,,,
2025-06-12 00:00:00-04:00,DIS,LONG_EXIT,118.61000061035156,250,29652.50015258789,,-227.49900817871094,-0.7613755507644875,1.0,stop_loss
2025-06-12 00:00:00-04:00,INTC,LONG_EXIT,20.770000457763672,250,5192.500114440918,,22.500038146972656,0.4352038262077077,1.0,profit_target
2025-06-13 00:00:00-04:00,ORCL,LONG_ENTRY,215.22000122070312,250,53805.00030517578,Oracle Corporation,,,,
2025-06-16 00:00:00-04:00,ORCL,LONG_EXIT,211.1000061035156,250,52775.0015258789,,-1029.998779296882,-1.914317950850009,3.0,stop_loss
2025-06-16 00:00:00-04:00,CVX,LONG_ENTRY,146.02999877929688,250,36507.49969482422,Chevron Corporation,,,,
2025-06-16 00:00:00-04:00,ORCL,LONG_ENTRY,211.1000061035156,250,52775.0015258789,Oracle Corporation,,,,
2025-06-16 00:00:00-04:00,XOM,LONG_ENTRY,112.4800033569336,250,28120.0008392334,Exxon Mobil Corporation,,,,
2025-06-17 00:00:00-04:00,CVX,LONG_EXIT,148.85000610351562,250,37212.501525878906,,705.0018310546875,1.9311150775812727,1.0,profit_target
2025-06-17 00:00:00-04:00,ORCL,LONG_EXIT,208.17999267578125,250,52044.99816894531,,-730.0033569335867,-1.3832370171995547,1.0,stop_loss
2025-06-17 00:00:00-04:00,XOM,LONG_EXIT,114.0,250,28500.0,,379.99916076660156,1.3513483265492001,1.0,profit_target
2025-06-17 00:00:00-04:00,ADBE,LONG_ENTRY,382.6799926757813,250,95669.99816894533,Adobe Inc.,,,,
2025-06-17 00:00:00-04:00,AMD,LONG_ENTRY,127.0999984741211,250,31774.999618530273,Advanced Micro Devices Inc.,,,,
2025-06-18 00:00:00-04:00,ADBE,LONG_EXIT,378.0400085449219,250,94510.00213623047,,-1159.9960327148578,-1.2124971829375397,1.0,stop_loss
2025-06-20 00:00:00-04:00,AMD,LONG_EXIT,128.24000549316406,250,32060.001373291016,,285.0017547607422,0.8969370831857927,3.0,profit_target
2025-06-20 00:00:00-04:00,MRK,LONG_ENTRY,79.05999755859375,250,19764.999389648438,Merck & Co. Inc.,,,,
2025-06-23 00:00:00-04:00,MRK,LONG_EXIT,80.16000366210938,250,20040.000915527344,,275.00152587890625,1.391356106102049,3.0,profit_target
2025-06-23 00:00:00-04:00,AAPL,LONG_ENTRY,201.5,250,50375.0,Apple Inc.,,,,
2025-06-23 00:00:00-04:00,AMD,LONG_ENTRY,129.5800018310547,250,32395.000457763672,Advanced Micro Devices Inc.,,,,
2025-06-23 00:00:00-04:00,CMCSA,LONG_ENTRY,34.59000015258789,250,8647.500038146973,Comcast Corporation,,,,
2025-06-23 00:00:00-04:00,COST,LONG_ENTRY,1004.47998046875,250,251119.9951171875,Costco Wholesale Corporation,,,,
2025-06-23 00:00:00-04:00,CSCO,LONG_ENTRY,67.37999725341797,250,16844.999313354492,Cisco Systems Inc.,,,,
2025-06-23 00:00:00-04:00,CVX,LONG_ENTRY,146.86000061035156,250,36715.00015258789,Chevron Corporation,,,,
2025-06-23 00:00:00-04:00,DHR,LONG_ENTRY,196.33999633789065,250,49084.99908447266,Danaher Corporation,,,,
2025-06-23 00:00:00-04:00,HD,LONG_ENTRY,356.9599914550781,250,89239.99786376953,Home Depot Inc.,,,,
2025-06-23 00:00:00-04:00,JPM,LONG_ENTRY,278.2699890136719,250,69567.49725341797,JPMorgan Chase & Co.,,,,
2025-06-23 00:00:00-04:00,NFLX,LONG_ENTRY,1253.5400390625,250,313385.009765625,Netflix Inc.,,,,
2025-06-23 00:00:00-04:00,PM,LONG_ENTRY,184.9499969482422,250,46237.49923706055,Philip Morris International Inc.,,,,
2025-06-23 00:00:00-04:00,XOM,LONG_ENTRY,111.73999786376952,250,27934.99946594238,Exxon Mobil Corporation,,,,
2025-06-24 00:00:00-04:00,AAPL,LONG_EXIT,200.3000030517578,250,50075.00076293945,,-299.9992370605469,-0.595531984239299,1.0,stop_loss
2025-06-24 00:00:00-04:00,AMD,LONG_EXIT,138.42999267578125,250,34607.49816894531,,2212.4977111816406,6.829750516800506,1.0,profit_target
2025-06-24 00:00:00-04:00,CMCSA,LONG_EXIT,35.209999084472656,250,8802.499771118164,,154.9997329711914,1.7924224606815438,1.0,profit_target
2025-06-24 00:00:00-04:00,CSCO,LONG_EXIT,67.88999938964844,250,16972.49984741211,,127.50053405761719,0.7569043588890886,1.0,profit_target
2025-06-24 00:00:00-04:00,CVX,LONG_EXIT,143.5500030517578,250,35887.50076293945,,-827.4993896484375,-2.2538455296454916,1.0,stop_loss
2025-06-24 00:00:00-04:00,DHR,LONG_EXIT,197.47000122070312,250,49367.50030517578,,282.5012207031179,0.575534737643467,1.0,profit_target
2025-06-24 00:00:00-04:00,HD,LONG_EXIT,360.4200134277344,250,90105.0033569336,,865.0054931640625,0.9693024583937662,1.0,profit_target
2025-06-24 00:00:00-04:00,JPM,LONG_EXIT,281.260009765625,250,70315.00244140625,,747.5051879882812,1.0745034930109623,1.0,profit_target
2025-06-24 00:00:00-04:00,NFLX,LONG_EXIT,1279.1099853515625,250,319777.4963378906,,6392.486572265625,2.03981887233421,1.0,profit_target
2025-06-24 00:00:00-04:00,XOM,LONG_EXIT,108.33999633789062,250,27084.999084472656,,-850.000381469723,-3.0427793009483364,1.0,stop_loss
2025-06-24 00:00:00-04:00,ACN,LONG_ENTRY,300.7200012207031,250,75180.00030517578,Accenture plc,,,,
2025-06-24 00:00:00-04:00,CSCO,LONG_ENTRY,67.88999938964844,250,16972.49984741211,Cisco Systems Inc.,,,,
2025-06-24 00:00:00-04:00,TSLA,LONG_ENTRY,340.4700012207031,250,85117.50030517578,Tesla Inc.,,,,
2025-06-25 00:00:00-04:00,COST,LONG_EXIT,986.5399780273438,250,246634.99450683594,,-4485.0006103515625,-1.7859990034877926,2.0,stop_loss
2025-06-25 00:00:00-04:00,PM,LONG_EXIT,179.60000610351562,250,44900.001525878906,,-1337.4977111816406,-2.892668793189407,2.0,stop_loss
2025-06-25 00:00:00-04:00,ACN,LONG_EXIT,294.6000061035156,250,73650.0015258789,,-1529.998779296875,-2.035114090298217,1.0,stop_loss
2025-06-25 00:00:00-04:00,CSCO,LONG_EXIT,68.19000244140625,250,17047.500610351562,,75.00076293945312,0.4418957938649733,1.0,profit_target
2025-06-25 00:00:00-04:00,TSLA,LONG_EXIT,327.54998779296875,250,81887.49694824219,,-3230.0033569335938,-3.794758240494506,1.0,stop_loss
2025-06-25 00:00:00-04:00,AMD,LONG_ENTRY,143.39999389648438,250,35849.998474121094,Advanced Micro Devices Inc.,,,,
2025-06-25 00:00:00-04:00,CAT,LONG_ENTRY,371.5799865722656,250,92894.9966430664,Caterpillar Inc.,,,,
2025-06-26 00:00:00-04:00,CAT,LONG_EXIT,381.8800048828125,250,95470.00122070312,,2575.0045776367188,2.77195184960364,1.0,profit_target
2025-06-27 00:00:00-04:00,NKE,LONG_ENTRY,72.04000091552734,250,18010.000228881836,NIKE Inc.,,,,
2025-06-30 00:00:00-04:00,AMD,LONG_EXIT,141.89999389648438,250,35474.998474121094,,-375.0,-1.0460251491243433,5.0,stop_loss
2025-06-30 00:00:00-04:00,NKE,LONG_EXIT,71.04000091552734,250,17760.000228881836,,-250.0,-1.3881176947409812,3.0,stop_loss
2025-06-30 00:00:00-04:00,AMZN,LONG_ENTRY,219.38999938964844,250,54847.49984741211,Amazon.com Inc.,,,,
2025-06-30 00:00:00-04:00,BA,LONG_ENTRY,209.52999877929688,250,52382.49969482422,Boeing Company,,,,
2025-06-30 00:00:00-04:00,CAT,LONG_ENTRY,388.2099914550781,250,97052.49786376953,Caterpillar Inc.,,,,
2025-06-30 00:00:00-04:00,CRM,LONG_ENTRY,272.69000244140625,250,68172.50061035156,Salesforce Inc.,,,,
2025-06-30 00:00:00-04:00,GE,LONG_ENTRY,257.3900146484375,250,64347.503662109375,General Electric Company,,,,
2025-06-30 00:00:00-04:00,GOOGL,LONG_ENTRY,176.22999572753906,250,44057.498931884766,Alphabet Inc. Class A,,,,
2025-06-30 00:00:00-04:00,HON,LONG_ENTRY,232.8800048828125,250,58220.001220703125,Honeywell International Inc.,,,,
2025-06-30 00:00:00-04:00,MRK,LONG_ENTRY,79.16000366210938,250,19790.000915527344,Merck & Co. Inc.,,,,
2025-06-30 00:00:00-04:00,NKE,LONG_ENTRY,71.04000091552734,250,17760.000228881836,NIKE Inc.,,,,
2025-07-01 00:00:00-04:00,AMZN,LONG_EXIT,220.4600067138672,250,55115.0016784668,,267.5018310546875,0.487719279454648,1.0,profit_target
2025-07-01 00:00:00-04:00,CAT,LONG_EXIT,390.9200134277344,250,97730.0033569336,,677.5054931640625,0.6980814590831677,1.0,profit_target
2025-07-01 00:00:00-04:00,GE,LONG_EXIT,249.02000427246097,250,62255.00106811524,,-2092.5025939941333,-3.2518784333607185,1.0,stop_loss
2025-07-01 00:00:00-04:00,HON,LONG_EXIT,238.77000427246097,250,59692.50106811524,,1472.4998474121164,2.5291992726521846,1.0,profit_target
2025-07-01 00:00:00-04:00,MRK,LONG_EXIT,81.80999755859375,250,20452.499389648438,,662.4984741210938,3.3476424632264354,1.0,profit_target
2025-07-01 00:00:00-04:00,NKE,LONG_EXIT,73.41000366210938,250,18352.500915527344,,592.5006866455078,3.3361524719012428,1.0,profit_target
2025-07-01 00:00:00-04:00,AAPL,LONG_ENTRY,207.82000732421875,250,51955.00183105469,Apple Inc.,,,,
2025-07-01 00:00:00-04:00,CSCO,LONG_ENTRY,69.0999984741211,250,17274.999618530273,Cisco Systems Inc.,,,,
2025-07-01 00:00:00-04:00,MA,LONG_ENTRY,564.6099853515625,250,141152.49633789062,Mastercard Incorporated,,,,
2025-07-01 00:00:00-04:00,ORCL,LONG_ENTRY,218.9600067138672,250,54740.0016784668,Oracle Corporation,,,,
2025-07-02 00:00:00-04:00,BA,LONG_EXIT,212.02999877929688,250,53007.49969482422,,625.0,1.1931465730753483,2.0,profit_target
2025-07-02 00:00:00-04:00,CRM,LONG_EXIT,269.2099914550781,250,67302.49786376953,,-870.0027465820312,-1.2761784279480088,2.0,stop_loss
2025-07-02 00:00:00-04:00,GOOGL,LONG_EXIT,178.63999938964844,250,44659.99984741211,,602.5009155273438,1.3675331785375338,2.0,profit_target
2025-07-02 00:00:00-04:00,AAPL,LONG_EXIT,212.44000244140625,250,53110.00061035156,,1154.998779296875,2.2230752354752226,1.0,profit_target
2025-07-02 00:00:00-04:00,CSCO,LONG_EXIT,68.58999633789062,250,17147.499084472656,,-127.50053405761719,-0.7380638892799276,1.0,stop_loss
2025-07-02 00:00:00-04:00,MA,LONG_EXIT,561.52001953125,250,140380.0048828125,,-772.491455078125,-0.5472743841730834,1.0,stop_loss
2025-07-02 00:00:00-04:00,ORCL,LONG_EXIT,229.97999572753903,250,57494.99893188476,,2754.9972534179615,5.032877546479326,1.0,profit_target
2025-07-03 00:00:00-04:00,NKE,LONG_ENTRY,76.38999938964844,250,19097.49984741211,NIKE Inc.,,,,
2025-07-08 00:00:00-04:00,NKE,LONG_EXIT,73.91999816894531,250,18479.999542236328,,-617.5003051757812,-3.2334091378953898,5.0,stop_loss
2025-07-10 00:00:00-04:00,BA,LONG_ENTRY,226.08999633789065,250,56522.49908447266,Boeing Company,,,,
2025-07-11 00:00:00-04:00,BA,LONG_EXIT,226.83999633789065,250,56709.99908447266,,187.5,0.33172630905753464,1.0,profit_target
2025-07-16 00:00:00-04:00,AMD,LONG_ENTRY,160.0800018310547,250,40020.00045776367,Advanced Micro Devices Inc.,,,,
2025-07-17 00:00:00-04:00,GE,LONG_ENTRY,260.2799987792969,250,65069.99969482422,General Electric Company,,,,
2025-07-18 00:00:00-04:00,AMD,LONG_EXIT,156.99000549316406,250,39247.501373291016,,-772.4990844726562,-1.9302825478174013,2.0,stop_loss
2025-07-18 00:00:00-04:00,GE,LONG_EXIT,263.2699890136719,250,65817.49725341797,,747.49755859375,1.1487591241731745,1.0,profit_target
2025-07-18 00:00:00-04:00,NFLX,LONG_ENTRY,1209.239990234375,250,302309.99755859375,Netflix Inc.,,,,
2025-07-21 00:00:00-04:00,NFLX,LONG_EXIT,1233.27001953125,250,308317.5048828125,,6007.50732421875,1.9872010098026527,3.0,profit_target
2025-07-23 00:00:00-04:00,DHR,LONG_ENTRY,197.88999938964844,250,49472.49984741211,Danaher Corporation,,,,
2025-07-24 00:00:00-04:00,DHR,LONG_EXIT,202.80999755859375,250,50702.49938964844,,1229.9995422363281,2.4862288059629334,1.0,profit_target
2025-07-24 00:00:00-04:00,DHR,LONG_ENTRY,202.80999755859375,250,50702.49938964844,Danaher Corporation,,,,
2025-07-24 00:00:00-04:00,TMO,LONG_ENTRY,475.0299987792969,250,118757.49969482422,Thermo Fisher Scientific Inc.,,,,
2025-07-25 00:00:00-04:00,DHR,LONG_EXIT,205.47999572753903,250,51369.99893188476,,667.4995422363211,1.316502244014818,1.0,profit_target
2025-07-25 00:00:00-04:00,TMO,LONG_EXIT,478.3200073242187,250,119580.00183105467,,822.5021362304545,0.6925896371547653,1.0,profit_target
2025-07-25 00:00:00-04:00,DHR,LONG_ENTRY,205.47999572753903,250,51369.99893188476,Danaher Corporation,,,,
2025-07-25 00:00:00-04:00,GOOGL,LONG_ENTRY,193.17999267578125,250,48294.99816894531,Alphabet Inc. Class A,,,,
2025-07-25 00:00:00-04:00,TMO,LONG_ENTRY,478.3200073242187,250,119580.00183105467,Thermo Fisher Scientific Inc.,,,,
2025-07-28 00:00:00-04:00,DHR,LONG_EXIT,202.94000244140625,250,50735.00061035156,,-634.9983215331961,-1.236126795282178,3.0,stop_loss
2025-07-28 00:00:00-04:00,TMO,LONG_EXIT,484.9599914550781,250,121239.99786376953,,1659.9960327148578,1.3881886664127483,3.0,profit_target
2025-07-28 00:00:00-04:00,TSLA,LONG_ENTRY,325.5899963378906,250,81397.49908447266,Tesla Inc.,,,,
2025-07-29 00:00:00-04:00,GOOGL,LONG_EXIT,195.75,250,48937.5,,642.5018310546875,1.3303693040987203,4.0,profit_target
2025-07-29 00:00:00-04:00,TSLA,LONG_EXIT,321.20001220703125,250,80300.00305175781,,-1097.4960327148438,-1.3483166498468029,1.0,stop_loss
2025-07-30 00:00:00-04:00,AMD,LONG_ENTRY,179.50999450683594,250,44877.498626708984,Advanced Micro Devices Inc.,,,,
2025-07-31 00:00:00-04:00,AMD,LONG_EXIT,176.30999755859375,250,44077.49938964844,,-799.9992370605469,-1.7826288486239845,1.0,stop_loss
2025-08-01 00:00:00-04:00,AMZN,LONG_ENTRY,214.75,250,53687.5,Amazon.com Inc.,,,,
2025-08-01 00:00:00-04:00,CAT,LONG_ENTRY,428.69000244140625,250,107172.50061035156,Caterpillar Inc.,,,,
2025-08-01 00:00:00-04:00,CMCSA,LONG_ENTRY,32.52000045776367,250,8130.000114440918,Comcast Corporation,,,,
2025-08-01 00:00:00-04:00,MA,LONG_ENTRY,559.8900146484375,250,139972.50366210938,Mastercard Incorporated,,,,
2025-08-01 00:00:00-04:00,META,LONG_ENTRY,750.010009765625,250,187502.50244140625,Meta Platforms Inc.,,,,
2025-08-01 00:00:00-04:00,MSFT,LONG_ENTRY,524.1099853515625,250,131027.49633789062,Microsoft Corporation,,,,
2025-08-01 00:00:00-04:00,PM,LONG_ENTRY,162.9600067138672,250,40740.0016784668,Philip Morris International Inc.,,,,
2025-08-04 00:00:00-04:00,AMZN,LONG_EXIT,211.6499938964844,250,52912.4984741211,,-775.0015258788992,-1.443541840985144,3.0,stop_loss
2025-08-04 00:00:00-04:00,CAT,LONG_EXIT,433.7000122070313,250,108425.00305175783,,1252.502441406264,1.1686789374822961,3.0,profit_target
2025-08-04 00:00:00-04:00,MA,LONG_EXIT,569.8099975585938,250,142452.49938964844,,2479.9957275390625,1.7717735002623938,3.0,profit_target
2025-08-04 00:00:00-04:00,META,LONG_EXIT,776.3699951171875,250,194092.49877929688,,6589.996337890625,3.514617806207664,3.0,profit_target
2025-08-04 00:00:00-04:00,MSFT,LONG_EXIT,535.6400146484375,250,133910.00366210938,,2882.50732421875,2.1999255154699804,3.0,profit_target
2025-08-04 00:00:00-04:00,QCOM,LONG_ENTRY,147.50999450683594,250,36877.498626708984,QUALCOMM Incorporated,,,,
2025-08-05 00:00:00-04:00,PM,LONG_EXIT,164.13999938964844,250,41034.99984741211,,294.9981689453125,0.7240995502983357,4.0,profit_target
2025-08-05 00:00:00-04:00,QCOM,LONG_EXIT,146.7100067138672,250,36677.5016784668,,-199.9969482421875,-0.5423278576094562,1.0,stop_loss
2025-08-06 00:00:00-04:00,CMCSA,LONG_EXIT,32.15999984741211,250,8039.999961853027,,-90.00015258789062,-1.1070129313777968,5.0,stop_loss
2025-08-07 00:00:00-04:00,AAPL,LONG_ENTRY,220.02999877929688,250,55007.49969482422,Apple Inc.,,,,
2025-08-08 00:00:00-04:00,AAPL,LONG_EXIT,229.3500061035156,250,57337.5015258789,,2330.00183105468,4.235789381413959,1.0,profit_target
2025-08-08 00:00:00-04:00,AAPL,LONG_ENTRY,229.3500061035156,250,57337.5015258789,Apple Inc.,,,,
2025-08-11 00:00:00-04:00,AAPL,LONG_EXIT,227.17999267578125,250,56794.99816894531,,-542.5033569335867,-0.9461579986856097,3.0,stop_loss
2025-08-11 00:00:00-04:00,AAPL,LONG_ENTRY,227.17999267578125,250,56794.99816894531,Apple Inc.,,,,
2025-08-11 00:00:00-04:00,CSCO,LONG_ENTRY,70.66999816894531,250,17667.499542236328,Cisco Systems Inc.,,,,
2025-08-12 00:00:00-04:00,AAPL,LONG_EXIT,229.6499938964844,250,57412.4984741211,,617.5003051757883,1.087244167767979,1.0,profit_target
2025-08-12 00:00:00-04:00,CSCO,LONG_EXIT,71.37999725341797,250,17844.999313354492,,177.49977111816406,1.004668321591457,1.0,profit_target
2025-08-12 00:00:00-04:00,INTC,LONG_ENTRY,21.809999465942383,250,5452.499866485596,Intel Corporation,,,,
2025-08-12 00:00:00-04:00,LLY,LONG_ENTRY,639.4299926757812,250,159857.4981689453,Eli Lilly and Company,,,,
2025-08-13 00:00:00-04:00,INTC,LONG_EXIT,22.219999313354492,250,5554.999828338623,,102.49996185302734,1.879870964932157,1.0,profit_target
2025-08-13 00:00:00-04:00,LLY,LONG_EXIT,660.489990234375,250,165122.49755859375,,5264.9993896484375,3.293557981299148,1.0,profit_target
2025-08-14 00:00:00-04:00,AMD,LONG_ENTRY,180.9499969482422,250,45237.49923706055,Advanced Micro Devices Inc.,,,,
2025-08-14 00:00:00-04:00,HD,LONG_ENTRY,400.3200073242187,250,100080.00183105467,Home Depot Inc.,,,,
2025-08-14 00:00:00-04:00,UPS,LONG_ENTRY,88.55000305175781,250,22137.500762939453,United Parcel Service Inc.,,,,
2025-08-15 00:00:00-04:00,AMD,LONG_EXIT,177.50999450683594,250,44377.498626708984,,-860.0006103515625,-1.901079027036517,1.0,stop_loss
2025-08-15 00:00:00-04:00,INTC,LONG_ENTRY,24.559999465942383,250,6139.999866485596,Intel Corporation,,,,
2025-08-18 00:00:00-04:00,HD,LONG_EXIT,394.7000122070313,250,98675.00305175783,,-1404.9987792968466,-1.403875653068661,4.0,stop_loss
2025-08-18 00:00:00-04:00,UPS,LONG_EXIT,86.51000213623047,250,21627.500534057617,,-510.00022888183594,-2.303784127861583,4.0,stop_loss
2025-08-18 00:00:00-04:00,INTC,LONG_EXIT,23.65999984741211,250,5914.999961853027,,-224.99990463256836,-3.664493640475492,3.0,stop_loss
2025-08-18 00:00:00-04:00,CRM,LONG_ENTRY,243.97000122070312,250,60992.50030517578,Salesforce Inc.,,,,
2025-08-18 00:00:00-04:00,INTC,LONG_ENTRY,23.65999984741211,250,5914.999961853027,Intel Corporation,,,,
2025-08-18 00:00:00-04:00,UNH,LONG_ENTRY,308.489990234375,250,77122.49755859375,UnitedHealth Group Incorporated,,,,
2025-08-19 00:00:00-04:00,CRM,LONG_EXIT,246.0,250,61500.0,,507.49969482421875,0.8320690122309229,1.0,profit_target
2025-08-19 00:00:00-04:00,INTC,LONG_EXIT,25.309999465942383,250,6327.499866485596,,412.49990463256836,6.973793868011151,1.0,profit_target
2025-08-19 00:00:00-04:00,UNH,LONG_EXIT,304.239990234375,250,76059.99755859375,,-1062.5,-1.3776784124408918,1.0,stop_loss
2025-08-19 00:00:00-04:00,UNH,LONG_ENTRY,304.239990234375,250,76059.99755859375,UnitedHealth Group Incorporated,,,,
2025-08-20 00:00:00-04:00,UNH,LONG_EXIT,299.8399963378906,250,74959.99908447266,,-1099.9984741210938,-1.4462247034305997,1.0,stop_loss
2025-08-20 00:00:00-04:00,HD,LONG_ENTRY,401.739990234375,250,100434.99755859375,Home Depot Inc.,,,,
2025-08-20 00:00:00-04:00,INTC,LONG_ENTRY,23.540000915527344,250,5885.000228881836,Intel Corporation,,,,
2025-08-21 00:00:00-04:00,HD,LONG_EXIT,397.7000122070313,250,99425.00305175783,,-1009.9945068359233,-1.0056200840217004,1.0,stop_loss
2025-08-22 00:00:00-04:00,INTC,LONG_EXIT,24.799999237060547,250,6199.999809265137,,314.9995803833008,5.352583995449589,2.0,profit_target
2025-09-04 00:00:00-04:00,CRM,LONG_ENTRY,244.0099945068359,250,61002.49862670898,Salesforce Inc.,,,,
2025-09-04 00:00:00-04:00,GOOGL,LONG_ENTRY,232.3000030517578,250,58075.00076293945,Alphabet Inc. Class A,,,,
2025-09-05 00:00:00-04:00,CRM,LONG_EXIT,250.7599945068359,250,62689.99862670898,,1687.5,2.766280132763537,1.0,profit_target
2025-09-05 00:00:00-04:00,GOOGL,LONG_EXIT,235.0,250,58750.0,,674.9992370605469,1.1622888130744502,1.0,profit_target
2025-09-05 00:00:00-04:00,AMZN,LONG_ENTRY,232.3300018310547,250,58082.50045776367,Amazon.com Inc.,,,,
2025-09-05 00:00:00-04:00,AVGO,LONG_ENTRY,334.8900146484375,250,83722.50366210938,Broadcom Inc.,,,,
2025-09-08 00:00:00-04:00,AMZN,LONG_EXIT,235.83999633789065,250,58959.99908447266,,877.4986267089914,1.5107797009309014,3.0,profit_target
2025-09-08 00:00:00-04:00,AVGO,LONG_EXIT,345.6499938964844,250,86412.4984741211,,2689.9948120117188,3.2129889747063793,3.0,profit_target
2025-09-08 00:00:00-04:00,AVGO,LONG_ENTRY,345.6499938964844,250,86412.4984741211,Broadcom Inc.,,,,
2025-09-08 00:00:00-04:00,HD,LONG_ENTRY,419.94000244140625,250,104985.00061035156,Home Depot Inc.,,,,
2025-09-08 00:00:00-04:00,TXN,LONG_ENTRY,185.82000732421875,250,46455.00183105469,Texas Instruments Incorporated,,,,
2025-09-09 00:00:00-04:00,AVGO,LONG_EXIT,336.6700134277344,250,84167.5033569336,,-2244.9951171875,-2.5979981563197523,1.0,stop_loss
2025-09-09 00:00:00-04:00,HD,LONG_EXIT,415.3399963378906,250,103834.99908447266,,-1150.0015258789062,-1.0953960272354522,1.0,stop_loss
2025-09-09 00:00:00-04:00,AVGO,LONG_ENTRY,336.6700134277344,250,84167.5033569336,Broadcom Inc.,,,,
2025-09-09 00:00:00-04:00,IBM,LONG_ENTRY,259.1099853515625,250,64777.496337890625,International Business Machines Corporation,,,,
2025-09-09 00:00:00-04:00,ORCL,LONG_ENTRY,241.5099945068359,250,60377.49862670898,Oracle Corporation,,,,
2025-09-10 00:00:00-04:00,TXN,LONG_EXIT,184.0099945068359,250,46002.49862670898,,-452.50320434571023,-0.9740677785168368,2.0,stop_loss
2025-09-10 00:00:00-04:00,AVGO,LONG_EXIT,369.5700073242187,250,92392.50183105467,,8224.99847412108,9.772178270799946,1.0,profit_target
2025-09-10 00:00:00-04:00,IBM,LONG_EXIT,256.8800048828125,250,64220.001220703125,,-557.4951171875,-0.8606308497622523,1.0,stop_loss
2025-09-10 00:00:00-04:00,ORCL,LONG_EXIT,328.3299865722656,250,82082.4966430664,,21704.99801635743,35.948819527206894,1.0,profit_target
2025-09-10 00:00:00-04:00,ORCL,LONG_ENTRY,328.3299865722656,250,82082.4966430664,Oracle Corporation,,,,
2025-09-10 00:00:00-04:00,UNH,LONG_ENTRY,346.7799987792969,250,86694.99969482422,UnitedHealth Group Incorporated,,,,
2025-09-11 00:00:00-04:00,ORCL,LONG_EXIT,307.8599853515625,250,76964.99633789062,,-5117.500305175781,-6.234581688504308,1.0,stop_loss
2025-09-11 00:00:00-04:00,UNH,LONG_EXIT,353.6099853515625,250,88402.49633789062,,1707.4966430664062,1.9695445516776968,1.0,profit_target
2025-09-11 00:00:00-04:00,AVGO,LONG_ENTRY,359.6300048828125,250,89907.50122070312,Broadcom Inc.,,,,
2025-09-11 00:00:00-04:00,ORCL,LONG_ENTRY,307.8599853515625,250,76964.99633789062,Oracle Corporation,,,,
2025-09-12 00:00:00-04:00,ORCL,LONG_EXIT,292.17999267578125,250,73044.99816894531,,-3919.9981689453125,-5.093222056083512,1.0,stop_loss
2025-09-12 00:00:00-04:00,ABBV,LONG_ENTRY,218.33999633789065,250,54584.99908447266,AbbVie Inc.,,,,
2025-09-12 00:00:00-04:00,HON,LONG_ENTRY,211.4600067138672,250,52865.0016784668,Honeywell International Inc.,,,,
2025-09-15 00:00:00-04:00,AVGO,LONG_EXIT,364.0899963378906,250,91022.49908447266,,1114.9978637695312,1.2401611085069053,4.0,profit_target
2025-09-15 00:00:00-04:00,TSLA,LONG_ENTRY,410.0400085449219,250,102510.00213623047,Tesla Inc.,,,,
2025-09-16 00:00:00-04:00,ABBV,LONG_EXIT,216.2599945068359,250,54064.99862670898,,-520.0004577636861,-0.9526435220031106,4.0,stop_loss
2025-09-16 00:00:00-04:00,TSLA,LONG_EXIT,421.6199951171875,250,105404.99877929688,,2894.9966430664062,2.8241113869250594,1.0,profit_target
2025-09-16 00:00:00-04:00,GOOGL,LONG_ENTRY,251.16000366210935,250,62790.00091552734,Alphabet Inc. Class A,,,,
2025-09-16 00:00:00-04:00,ORCL,LONG_ENTRY,306.6499938964844,250,76662.4984741211,Oracle Corporation,,,,
2025-09-16 00:00:00-04:00,TSLA,LONG_ENTRY,421.6199951171875,250,105404.99877929688,Tesla Inc.,,,,
2025-09-17 00:00:00-04:00,GOOGL,LONG_EXIT,249.52999877929688,250,62382.49969482422,,-407.5012207031179,-0.6489906271085066,1.0,stop_loss
2025-09-17 00:00:00-04:00,ORCL,LONG_EXIT,301.4100036621094,250,75352.50091552734,,-1309.99755859375,-1.7087853705106741,1.0,stop_loss
2025-09-17 00:00:00-04:00,TSLA,LONG_EXIT,425.8599853515625,250,106464.99633789062,,1059.99755859375,1.0056425889375842,1.0,profit_target
2025-09-17 00:00:00-04:00,ORCL,LONG_ENTRY,301.4100036621094,250,75352.50091552734,Oracle Corporation,,,,
2025-09-18 00:00:00-04:00,HON,LONG_EXIT,210.1999969482422,250,52549.99923706055,,-315.00244140625,-0.5958619718242781,6.0,stop_loss
2025-09-18 00:00:00-04:00,ORCL,LONG_EXIT,296.6199951171875,250,74154.99877929688,,-1197.5021362304688,-1.5892002543789598,1.0,stop_loss
2025-09-18 00:00:00-04:00,CAT,LONG_ENTRY,466.9599914550781,250,116739.99786376953,Caterpillar Inc.,,,,
2025-09-18 00:00:00-04:00,HON,LONG_ENTRY,210.1999969482422,250,52549.99923706055,Honeywell International Inc.,,,,
2025-09-19 00:00:00-04:00,INTC,LONG_ENTRY,29.579999923706055,250,7394.999980926514,Intel Corporation,,,,
2025-09-22 00:00:00-04:00,CAT,LONG_EXIT,472.1000061035156,250,118025.0015258789,,1285.003662109375,1.1007398369228327,4.0,profit_target
2025-09-22 00:00:00-04:00,HON,LONG_EXIT,209.0,250,52250.0,,-299.9992370605469,-0.5708834280038855,4.0,stop_loss
2025-09-22 00:00:00-04:00,INTC,LONG_EXIT,28.760000228881836,250,7190.000057220459,,-204.9999237060547,-2.772142315548328,3.0,stop_loss
2025-09-22 00:00:00-04:00,AAPL,LONG_ENTRY,256.0799865722656,250,64019.996643066406,Apple Inc.,,,,
2025-09-22 00:00:00-04:00,GE,LONG_ENTRY,301.0199890136719,250,75254.99725341797,General Electric Company,,,,
2025-09-22 00:00:00-04:00,IBM,LONG_ENTRY,271.3699951171875,250,67842.49877929688,International Business Machines Corporation,,,,
2025-09-22 00:00:00-04:00,JPM,LONG_ENTRY,312.44000244140625,250,78110.00061035156,JPMorgan Chase & Co.,,,,
2025-09-22 00:00:00-04:00,MSFT,LONG_ENTRY,514.4500122070312,250,128612.50305175781,Microsoft Corporation,,,,
2025-09-22 00:00:00-04:00,NFLX,LONG_ENTRY,1227.3699951171875,250,306842.4987792969,Netflix Inc.,,,,
2025-09-22 00:00:00-04:00,PM,LONG_ENTRY,161.97999572753906,250,40494.998931884766,Philip Morris International Inc.,,,,
2025-09-22 00:00:00-04:00,V,LONG_ENTRY,344.3599853515625,250,86089.99633789062,Visa Inc.,,,,
2025-09-23 00:00:00-04:00,AAPL,LONG_EXIT,254.42999267578125,250,63607.49816894531,,-412.49847412109375,-0.6443275472520176,1.0,stop_loss
2025-09-23 00:00:00-04:00,GE,LONG_EXIT,305.6300048828125,250,76407.50122070312,,1152.5039672851562,1.531465031357517,1.0,profit_target
2025-09-23 00:00:00-04:00,IBM,LONG_EXIT,272.239990234375,250,68059.99755859375,,217.498779296875,0.3205937033723291,1.0,profit_target
2025-09-23 00:00:00-04:00,MSFT,LONG_EXIT,509.2300109863281,250,127307.50274658203,,-1305.0003051757812,-1.0146760806378265,1.0,stop_loss
2025-09-23 00:00:00-04:00,NFLX,LONG_EXIT,1218.469970703125,250,304617.49267578125,,-2225.006103515625,-0.7251297041209435,1.0,stop_loss
2025-09-23 00:00:00-04:00,PM,LONG_EXIT,163.77000427246094,250,40942.501068115234,,447.50213623046875,1.105080005022834,1.0,profit_target
2025-09-23 00:00:00-04:00,V,LONG_EXIT,338.70001220703125,250,84675.00305175781,,-1414.9932861328125,-1.6436210318550497,1.0,stop_loss
2025-09-23 00:00:00-04:00,AAPL,LONG_ENTRY,254.42999267578125,250,63607.49816894531,Apple Inc.,,,,
2025-09-24 00:00:00-04:00,JPM,LONG_EXIT,313.4200134277344,250,78355.0033569336,,245.00274658203125,0.3136637366119316,2.0,profit_target
2025-09-24 00:00:00-04:00,AAPL,LONG_EXIT,252.30999755859375,250,63077.49938964844,,-529.998779296875,-0.8332331793480804,1.0,stop_loss
2025-09-24 00:00:00-04:00,BA,LONG_ENTRY,215.1000061035156,250,53775.0015258789,Boeing Company,,,,
2025-09-24 00:00:00-04:00,XOM,LONG_ENTRY,114.55999755859376,250,28639.99938964844,Exxon Mobil Corporation,,,,
2025-09-25 00:00:00-04:00,BA,LONG_EXIT,213.52999877929688,250,53382.49969482422,,-392.5018310546804,-0.7298964573079393,1.0,stop_loss
2025-09-25 00:00:00-04:00,XOM,LONG_EXIT,115.58999633789062,250,28897.499084472656,,257.4996948242152,0.8990911323737149,1.0,profit_target
2025-09-25 00:00:00-04:00,INTC,LONG_ENTRY,33.9900016784668,250,8497.5004196167,Intel Corporation,,,,
2025-09-26 00:00:00-04:00,INTC,LONG_EXIT,35.5,250,8875.0,,377.4995803833008,4.442477925765479,1.0,profit_target
2025-09-26 00:00:00-04:00,IBM,LONG_ENTRY,284.30999755859375,250,71077.49938964844,International Business Machines Corporation,,,,
2025-09-26 00:00:00-04:00,INTC,LONG_ENTRY,35.5,250,8875.0,Intel Corporation,,,,
2025-09-29 00:00:00-04:00,IBM,LONG_EXIT,279.79998779296875,250,69949.99694824219,,-1127.50244140625,-1.5863000964978475,3.0,stop_loss
2025-09-29 00:00:00-04:00,INTC,LONG_EXIT,34.47999954223633,250,8619.999885559082,,-255.00011444091797,-2.8732407260948505,3.0,stop_loss
2025-09-29 00:00:00-04:00,BA,LONG_ENTRY,217.0800018310547,250,54270.00045776367,Boeing Company,,,,
2025-09-29 00:00:00-04:00,IBM,LONG_ENTRY,279.79998779296875,250,69949.99694824219,International Business Machines Corporation,,,,
2025-09-29 00:00:00-04:00,INTC,LONG_ENTRY,34.47999954223633,250,8619.999885559082,Intel Corporation,,,,
2025-09-29 00:00:00-04:00,V,LONG_ENTRY,340.1600036621094,250,85040.00091552734,Visa Inc.,,,,
2025-09-30 00:00:00-04:00,BA,LONG_EXIT,215.8300018310547,250,53957.50045776367,,-312.5,-0.575824575942665,1.0,stop_loss
2025-09-30 00:00:00-04:00,IBM,LONG_EXIT,282.1600036621094,250,70540.00091552734,,590.0039672851562,0.8434653224098287,1.0,profit_target
2025-09-30 00:00:00-04:00,INTC,LONG_EXIT,33.54999923706055,250,8387.499809265137,,-232.5000762939453,-2.6972166981515646,1.0,stop_loss
2025-09-30 00:00:00-04:00,V,LONG_EXIT,341.3800048828125,250,85345.00122070312,,305.00030517578125,0.35865510570578046,1.0,profit_target
2025-10-01 00:00:00-04:00,ABBV,LONG_ENTRY,244.3800048828125,250,61095.001220703125,AbbVie Inc.,,,,
2025-10-01 00:00:00-04:00,DHR,LONG_ENTRY,212.8800048828125,250,53220.001220703125,Danaher Corporation,,,,
2025-10-01 00:00:00-04:00,LLY,LONG_ENTRY,825.4199829101562,250,206354.99572753906,Eli Lilly and Company,,,,
2025-10-01 00:00:00-04:00,MRK,LONG_ENTRY,90.12999725341795,250,22532.49931335449,Merck & Co. Inc.,,,,
2025-10-01 00:00:00-04:00,TMO,LONG_ENTRY,530.72998046875,250,132682.4951171875,Thermo Fisher Scientific Inc.,,,,
2025-10-02 00:00:00-04:00,ABBV,LONG_EXIT,236.55999755859375,250,59139.99938964844,,-1955.0018310546875,-3.1999374613191764,1.0,stop_loss
2025-10-02 00:00:00-04:00,DHR,LONG_EXIT,210.3300018310547,250,52582.50045776367,,-637.5007629394531,-1.1978593542223723,1.0,stop_loss
2025-10-02 00:00:00-04:00,LLY,LONG_EXIT,819.8499755859375,250,204962.49389648438,,-1392.5018310546875,-0.6748088778491595,1.0,stop_loss
2025-10-02 00:00:00-04:00,MRK,LONG_EXIT,89.51000213623047,250,22377.500534057617,,-154.99877929687145,-0.6878898658392825,1.0,stop_loss
2025-10-02 00:00:00-04:00,TMO,LONG_EXIT,524.9600219726562,250,131240.00549316406,,-1442.4896240234375,-1.0871740260457157,1.0,stop_loss
2025-10-02 00:00:00-04:00,ABBV,LONG_ENTRY,236.55999755859375,250,59139.99938964844,AbbVie Inc.,,,,
2025-10-02 00:00:00-04:00,DHR,LONG_ENTRY,210.3300018310547,250,52582.50045776367,Danaher Corporation,,,,
2025-10-02 00:00:00-04:00,LLY,LONG_ENTRY,819.8499755859375,250,204962.49389648438,Eli Lilly and Company,,,,
2025-10-02 00:00:00-04:00,MRK,LONG_ENTRY,89.51000213623047,250,22377.500534057617,Merck & Co. Inc.,,,,
2025-10-02 00:00:00-04:00,NKE,LONG_ENTRY,74.56999969482422,250,18642.499923706055,NIKE Inc.,,,,
2025-10-02 00:00:00-04:00,TMO,LONG_ENTRY,524.9600219726562,250,131240.00549316406,Thermo Fisher Scientific Inc.,,,,
2025-10-03 00:00:00-04:00,ABBV,LONG_EXIT,233.91000366210935,250,58477.50091552734,,-662.4984741211008,-1.1202206306364304,1.0,stop_loss
2025-10-03 00:00:00-04:00,DHR,LONG_EXIT,214.9900054931641,250,53747.50137329102,,1165.0009155273508,2.215567737146934,1.0,profit_target
2025-10-03 00:00:00-04:00,LLY,LONG_EXIT,839.8699951171875,250,209967.49877929688,,5005.0048828125,2.441912560519614,1.0,profit_target
2025-10-03 00:00:00-04:00,NKE,LONG_EXIT,71.93000030517578,250,17982.500076293945,,-659.9998474121094,-3.540296902846408,1.0,stop_loss
2025-10-03 00:00:00-04:00,TMO,LONG_EXIT,543.3200073242188,250,135830.0018310547,,4589.996337890625,3.497406389646719,1.0,profit_target
2025-10-06 00:00:00-04:00,MRK,LONG_EXIT,88.80000305175781,250,22200.000762939453,,-177.49977111816406,-0.7932064211014846,4.0,stop_loss
2025-10-07 00:00:00-04:00,AMD,LONG_ENTRY,211.5099945068359,250,52877.49862670898,Advanced Micro Devices Inc.,,,,
2025-10-07 00:00:00-04:00,CRM,LONG_ENTRY,239.7400054931641,250,59935.00137329102,Salesforce Inc.,,,,
2025-10-07 00:00:00-04:00,META,LONG_ENTRY,713.0800170898438,250,178270.00427246094,Meta Platforms Inc.,,,,
2025-10-08 00:00:00-04:00,AMD,LONG_EXIT,235.55999755859375,250,58889.99938964844,,6012.50076293946,11.370622512583232,1.0,profit_target
2025-10-08 00:00:00-04:00,META,LONG_EXIT,717.8400268554688,250,179460.0067138672,,1190.00244140625,0.6675281387145179,1.0,profit_target
2025-10-08 00:00:00-04:00,AMD,LONG_ENTRY,235.55999755859375,250,58889.99938964844,Advanced Micro Devices Inc.,,,,
2025-10-09 00:00:00-04:00,CRM,LONG_EXIT,245.3300018310547,250,61332.50045776367,,1397.4990844726492,2.331691086096179,2.0,profit_target
2025-10-09 00:00:00-04:00,AMD,LONG_EXIT,232.88999938964844,250,58222.49984741211,,-667.4995422363281,-1.133468414254492,1.0,stop_loss
2025-10-09 00:00:00-04:00,AMD,LONG_ENTRY,232.88999938964844,250,58222.49984741211,Advanced Micro Devices Inc.,,,,
2025-10-09 00:00:00-04:00,CSCO,LONG_ENTRY,69.95999908447266,250,17489.999771118164,Cisco Systems Inc.,,,,
2025-10-10 00:00:00-04:00,AMD,LONG_EXIT,214.8999938964844,250,53724.9984741211,,-4497.501373291008,-7.724679265022857,1.0,stop_loss
2025-10-10 00:00:00-04:00,CSCO,LONG_EXIT,67.94000244140625,250,16985.000610351562,,-504.99916076660156,-2.887359447542841,1.0,stop_loss
2025-10-14 00:00:00-04:00,AVGO,LONG_ENTRY,344.1300048828125,250,86032.50122070312,Broadcom Inc.,,,,
