date,cash,positions_count,total_value,return,daily_return,cumulative_max,drawdown
2024-10-15 00:00:00-04:00,1000000.0,0,1000000.0,0.0,,1000000.0,0.0
2024-10-16 00:00:00-04:00,1000000.0,0,1000000.0,0.0,0.0,1000000.0,0.0
2024-10-17 00:00:00-04:00,1000000.0,0,1000000.0,0.0,0.0,1000000.0,0.0
2024-10-18 00:00:00-04:00,1000000.0,0,1000000.0,0.0,0.0,1000000.0,0.0
2024-10-21 00:00:00-04:00,1000000.0,0,1000000.0,0.0,0.0,1000000.0,0.0
2024-10-22 00:00:00-04:00,1000000.0,0,1000000.0,0.0,0.0,1000000.0,0.0
2024-10-23 00:00:00-04:00,1000000.0,0,1000000.0,0.0,0.0,1000000.0,0.0
2024-10-24 00:00:00-04:00,1000000.0,0,1000000.0,0.0,0.0,1000000.0,0.0
2024-10-25 00:00:00-04:00,1000000.0,0,1000000.0,0.0,0.0,1000000.0,0.0
2024-10-28 00:00:00-04:00,1000000.0,0,1000000.0,0.0,0.0,1000000.0,0.0
2024-10-29 00:00:00-04:00,1000000.0,0,1000000.0,0.0,0.0,1000000.0,0.0
2024-10-30 00:00:00-04:00,1000000.0,0,1000000.0,0.0,0.0,1000000.0,0.0
2024-10-31 00:00:00-04:00,1000000.0,0,1000000.0,0.0,0.0,1000000.0,0.0
2024-11-01 00:00:00-04:00,1000000.0,0,1000000.0,0.0,0.0,1000000.0,0.0
2024-11-04 00:00:00-05:00,1000000.0,0,1000000.0,0.0,0.0,1000000.0,0.0
2024-11-05 00:00:00-05:00,1000000.0,0,1000000.0,0.0,0.0,1000000.0,0.0
2024-11-06 00:00:00-05:00,1000000.0,0,1000000.0,0.0,0.0,1000000.0,0.0
2024-11-07 00:00:00-05:00,1000000.0,0,1000000.0,0.0,0.0,1000000.0,0.0
2024-11-08 00:00:00-05:00,1000000.0,0,1000000.0,0.0,0.0,1000000.0,0.0
2024-11-11 00:00:00-05:00,385737.4954223633,4,1000000.0,0.0,0.0,1000000.0,0.0
2024-11-12 00:00:00-05:00,590452.4917602539,3,990957.4890136719,-0.9042510986328134,-0.9042510986328134,1000000.0,-0.9042510986328134
2024-11-13 00:00:00-05:00,481619.98748779297,4,991874.9847412109,-0.8125015258789059,0.0925867898180277,1000000.0,-0.8125015258789059
2024-11-14 00:00:00-05:00,811412.4889373779,3,985639.9879455566,-1.4360012054443372,-0.62860712202365,1000000.0,-1.4360012054443372
2024-11-15 00:00:00-05:00,951619.987487793,1,980389.9879455566,-1.9610012054443349,-0.5326488438180066,1000000.0,-1.9610012054443349
2024-11-18 00:00:00-05:00,951619.987487793,1,980004.9877166748,-1.999501228332523,-0.03927011022303306,1000000.0,-1.999501228332523
2024-11-19 00:00:00-05:00,979724.9870300293,0,979724.9870300293,-2.0275012969970696,-0.028571353223194595,1000000.0,-2.0275012969970696
2024-11-20 00:00:00-05:00,851514.9803161621,1,979724.9870300293,-2.0275012969970696,0.0,1000000.0,-2.0275012969970696
2024-11-21 00:00:00-05:00,980539.9742126465,0,980539.9742126465,-1.9460025787353508,0.08318530132498392,1000000.0,-1.9460025787353508
2024-11-22 00:00:00-05:00,896979.9766540527,2,980539.9742126465,-1.9460025787353508,0.0,1000000.0,-1.9460025787353508
2024-11-25 00:00:00-05:00,977982.479095459,0,977982.479095459,-2.201752090454101,-0.26082517637703306,1000000.0,-2.201752090454101
2024-11-26 00:00:00-05:00,338574.990272522,9,977982.479095459,-2.201752090454101,0.0,1000000.0,-2.201752090454101
2024-11-27 00:00:00-05:00,768187.497138977,2,979014.9965286255,-2.0985003471374553,0.1055762710719943,1000000.0,-2.0985003471374553
2024-11-29 00:00:00-05:00,980070.0006484985,0,980070.0006484985,-1.9929999351501415,0.10776179360008076,1000000.0,-1.9929999351501415
2024-12-02 00:00:00-05:00,980070.0006484985,0,980070.0006484985,-1.9929999351501415,0.0,1000000.0,-1.9929999351501415
2024-12-03 00:00:00-05:00,980070.0006484985,0,980070.0006484985,-1.9929999351501415,0.0,1000000.0,-1.9929999351501415
2024-12-04 00:00:00-05:00,980070.0006484985,0,980070.0006484985,-1.9929999351501415,0.0,1000000.0,-1.9929999351501415
2024-12-05 00:00:00-05:00,847107.4991226196,2,980070.0006484985,-1.9929999351501415,0.0,1000000.0,-1.9929999351501415
2024-12-06 00:00:00-05:00,891989.9988174438,1,982487.4963760376,-1.7512503623962394,0.24666561836801382,1000000.0,-1.7512503623962394
2024-12-09 00:00:00-05:00,937052.4988174438,1,979882.5006484985,-2.011749935150142,-0.26514288855051804,1000000.0,-2.011749935150142
2024-12-10 00:00:00-05:00,763199.9979019165,3,979869.9998855591,-2.0130000114440882,-0.001275741012940479,1000000.0,-2.0130000114440882
2024-12-11 00:00:00-05:00,838475.0051498413,4,971022.5038528442,-2.8977496147155724,-0.9029254935601805,1000000.0,-2.8977496147155724
2024-12-12 00:00:00-05:00,726650.0034332275,4,970707.5061798096,-2.929249382019039,-0.03243979122881102,1000000.0,-2.929249382019039
2024-12-13 00:00:00-05:00,946727.5066375732,1,978917.5052642822,-2.108249473571777,0.8457747603892507,1000000.0,-2.108249473571777
2024-12-16 00:00:00-05:00,759602.5066375732,3,978865.0074005127,-2.1134992599487257,-0.005362848604428816,1000000.0,-2.1134992599487257
2024-12-17 00:00:00-05:00,854530.0025939941,2,972870.002746582,-2.7129997253417915,-0.6124444748363267,1000000.0,-2.7129997253417915
2024-12-18 00:00:00-05:00,779672.5006103516,2,967150.0015258789,-3.2849998474121067,-0.5879512375296381,1000000.0,-3.2849998474121067
2024-12-19 00:00:00-05:00,845122.5051879883,1,967435.0051879883,-3.2564994812011694,0.02946840321147448,1000000.0,-3.2564994812011694
2024-12-20 00:00:00-05:00,878562.5076293945,1,970155.0064086914,-2.9844993591308544,0.28115596459883374,1000000.0,-2.9844993591308544
2024-12-23 00:00:00-05:00,626.036743164048,18,968255.0048828125,-3.1744995117187536,-0.19584514982944334,1000000.0,-3.1744995117187536
2024-12-24 00:00:00-05:00,860446.0402526855,2,978000.7307434082,-2.199926925659179,1.006524708000378,1000000.0,-2.199926925659179
2024-12-26 00:00:00-05:00,972986.0411682129,1,978545.021270752,-2.1454978729248064,0.055653386570586605,1000000.0,-2.1454978729248064
2024-12-27 00:00:00-05:00,978468.231048584,0,978468.231048584,-2.1531768951416064,-0.007847387754145174,1000000.0,-2.1531768951416064
2024-12-30 00:00:00-05:00,978468.231048584,0,978468.231048584,-2.1531768951416064,0.0,1000000.0,-2.1531768951416064
2024-12-31 00:00:00-05:00,978468.231048584,0,978468.231048584,-2.1531768951416064,0.0,1000000.0,-2.1531768951416064
2025-01-02 00:00:00-05:00,978468.231048584,0,978468.231048584,-2.1531768951416064,0.0,1000000.0,-2.1531768951416064
2025-01-03 00:00:00-05:00,978468.231048584,0,978468.231048584,-2.1531768951416064,0.0,1000000.0,-2.1531768951416064
2025-01-06 00:00:00-05:00,978468.231048584,0,978468.231048584,-2.1531768951416064,0.0,1000000.0,-2.1531768951416064
2025-01-07 00:00:00-05:00,978468.231048584,0,978468.231048584,-2.1531768951416064,0.0,1000000.0,-2.1531768951416064
2025-01-08 00:00:00-05:00,889035.728302002,1,978468.231048584,-2.1531768951416064,0.0,1000000.0,-2.1531768951416064
2025-01-10 00:00:00-05:00,976483.2304382324,0,976483.2304382324,-2.3516769561767625,-0.20286817163438498,1000000.0,-2.3516769561767625
2025-01-13 00:00:00-05:00,727105.7279968262,2,976483.2304382324,-2.3516769561767625,0.0,1000000.0,-2.3516769561767625
2025-01-14 00:00:00-05:00,942403.2286071777,1,973863.2276916504,-2.6136772308349654,-0.2683100605226141,1000000.0,-2.6136772308349654
2025-01-15 00:00:00-05:00,974270.7289123535,0,974270.7289123535,-2.5729271087646444,0.04184378351250739,1000000.0,-2.5729271087646444
2025-01-16 00:00:00-05:00,910703.2278442383,1,974270.7289123535,-2.5729271087646444,0.0,1000000.0,-2.5729271087646444
2025-01-17 00:00:00-05:00,945095.729675293,1,975493.2287597656,-2.450677124023437,0.1254784538971876,1000000.0,-2.450677124023437
2025-01-21 00:00:00-05:00,805640.7287979126,4,976048.2290649414,-2.3951770935058625,0.056894326768563985,1000000.0,-2.3951770935058625
2025-01-22 00:00:00-05:00,423943.23429107666,6,978685.7269668579,-2.131427303314204,0.27022208773876955,1000000.0,-2.131427303314204
2025-01-23 00:00:00-05:00,648540.7341384888,3,991525.7309341431,-0.847426906585691,1.3119639546679496,1000000.0,-0.847426906585691
2025-01-24 00:00:00-05:00,599353.2341384888,4,985218.2434463501,-1.4781756553649883,-0.636139566630356,1000000.0,-1.4781756553649883
2025-01-27 00:00:00-05:00,812298.2376480103,1,977268.2388687134,-2.273176113128661,-0.8069282750821971,1000000.0,-2.273176113128661
2025-01-28 00:00:00-05:00,226735.733833313,8,980880.7419204712,-1.9119258079528856,0.3696531728013319,1000000.0,-1.9119258079528856
2025-01-29 00:00:00-05:00,458620.73596954346,7,980843.2396316528,-1.9156760368347125,-0.003823328078078614,1000000.0,-1.9156760368347125
2025-01-30 00:00:00-05:00,751410.7426071167,2,987728.2398605347,-1.2271760139465293,0.701947054400609,1000000.0,-1.2271760139465293
2025-01-31 00:00:00-05:00,458258.24436187744,5,987630.7400131226,-1.2369259986877434,-0.009871120767579455,1000000.0,-1.2369259986877434
2025-02-03 00:00:00-05:00,931398.256149292,3,992075.755443573,-0.792424455642704,0.45006855805149737,1000000.0,-0.792424455642704
2025-02-04 00:00:00-05:00,878493.2583236694,2,992095.7554244995,-0.7904244575500541,0.002015973156965778,1000000.0,-0.7904244575500541
2025-02-05 00:00:00-05:00,797563.256111145,4,992255.7552719116,-0.7744244728088434,0.016127460130466176,1000000.0,-0.7744244728088434
2025-02-06 00:00:00-05:00,862305.7526016235,3,988865.7577896118,-1.1134242210388168,-0.3416455348622116,1000000.0,-1.1134242210388168
2025-02-07 00:00:00-05:00,673765.7555007935,3,986733.2542800903,-1.3266745719909712,-0.21565146661446377,1000000.0,-1.3266745719909712
2025-02-10 00:00:00-05:00,985913.2583999634,0,985913.2583999634,-1.4086741600036645,-0.08310208220612125,1000000.0,-1.4086741600036645
2025-02-11 00:00:00-05:00,985913.2583999634,0,985913.2583999634,-1.4086741600036645,0.0,1000000.0,-1.4086741600036645
2025-02-12 00:00:00-05:00,980293.2585144043,1,985913.2583999634,-1.4086741600036645,0.0,1000000.0,-1.4086741600036645
2025-02-13 00:00:00-05:00,980293.2585144043,1,986325.758304596,-1.36742416954041,0.04183937086941203,1000000.0,-1.36742416954041
2025-02-14 00:00:00-05:00,964075.7578277588,2,986193.2586097717,-1.3806741390228305,-0.01343366465983431,1000000.0,-1.3806741390228305
2025-02-18 00:00:00-05:00,970923.2576751709,1,987070.7567596436,-1.2929243240356492,0.08897831557972413,1000000.0,-1.2929243240356492
2025-02-19 00:00:00-05:00,945298.258152008,3,987133.2567596436,-1.2866743240356415,0.006331866238773465,1000000.0,-1.2866743240356415
2025-02-20 00:00:00-05:00,971128.2590293884,1,987295.7585716248,-1.270424142837523,0.01646199344094157,1000000.0,-1.270424142837523
2025-02-21 00:00:00-05:00,987123.2589149475,0,987123.2589149475,-1.2876741085052545,-0.01747193332692909,1000000.0,-1.2876741085052545
2025-02-24 00:00:00-05:00,987123.2589149475,0,987123.2589149475,-1.2876741085052545,0.0,1000000.0,-1.2876741085052545
2025-02-25 00:00:00-05:00,966693.2586097717,1,987123.2589149475,-1.2876741085052545,0.0,1000000.0,-1.2876741085052545
2025-02-26 00:00:00-05:00,773468.2563209534,2,986985.758152008,-1.3014241847991936,-0.013929442113502777,1000000.0,-1.3014241847991936
2025-02-27 00:00:00-05:00,816883.2572364807,2,988175.7529640198,-1.1824247035980173,0.12056858999058839,1000000.0,-1.1824247035980173
2025-02-28 00:00:00-05:00,990495.7602882385,0,990495.7602882385,-0.9504239711761509,0.23477679119932038,1000000.0,-0.9504239711761509
2025-03-03 00:00:00-05:00,441398.2661628723,7,990495.7602882385,-0.9504239711761509,0.0,1000000.0,-0.9504239711761509
2025-03-04 00:00:00-05:00,936230.766620636,1,983100.7655525208,-1.6899234447479206,-0.7465952942156795,1000000.0,-1.6899234447479206
2025-03-05 00:00:00-05:00,954800.7663154602,1,984125.7670783997,-1.5874232921600395,0.10426210229861343,1000000.0,-1.5874232921600395
2025-03-06 00:00:00-05:00,982443.2662391663,0,982443.2662391663,-1.7556733760833776,-0.17096400638185738,1000000.0,-1.7556733760833776
2025-03-07 00:00:00-05:00,982443.2662391663,0,982443.2662391663,-1.7556733760833776,0.0,1000000.0,-1.7556733760833776
2025-03-10 00:00:00-04:00,927303.2668495178,2,982443.2662391663,-1.7556733760833776,0.0,1000000.0,-1.7556733760833776
2025-03-11 00:00:00-04:00,936305.7654762268,2,983813.2661247253,-1.6186733875274695,0.13944824425369262,1000000.0,-1.6186733875274695
2025-03-12 00:00:00-04:00,691328.2674217224,2,983270.7646751404,-1.6729235324859593,-0.05514272558265754,1000000.0,-1.6729235324859593
2025-03-13 00:00:00-04:00,879580.7622337341,1,974040.7613182068,-2.5959238681793173,-0.9387041381203942,1000000.0,-2.5959238681793173
2025-03-14 00:00:00-04:00,972253.2599830627,1,978265.7597923279,-2.1734240207672118,0.4337599248314117,1000000.0,-2.1734240207672118
2025-03-17 00:00:00-04:00,878840.7610321045,1,978675.7601165771,-2.13242398834228,0.0419109347480795,1000000.0,-2.13242398834228
2025-03-18 00:00:00-04:00,976683.2598114014,0,976683.2598114014,-2.331674018859864,-0.20359146372833647,1000000.0,-2.331674018859864
2025-03-19 00:00:00-04:00,976683.2598114014,0,976683.2598114014,-2.331674018859864,0.0,1000000.0,-2.331674018859864
2025-03-20 00:00:00-04:00,933475.7593536377,1,976683.2598114014,-2.331674018859864,0.0,1000000.0,-2.331674018859864
2025-03-21 00:00:00-04:00,978003.2595062256,0,978003.2595062256,-2.1996740493774425,0.1351512562096202,1000000.0,-2.1996740493774425
2025-03-24 00:00:00-04:00,502240.7682800293,7,978003.2595062256,-2.1996740493774425,0.0,1000000.0,-2.1996740493774425
2025-03-25 00:00:00-04:00,980215.7658004761,0,980215.7658004761,-1.978423419952391,0.2262268834735348,1000000.0,-1.978423419952391
2025-03-26 00:00:00-04:00,980215.7658004761,0,980215.7658004761,-1.978423419952391,0.0,1000000.0,-1.978423419952391
2025-03-27 00:00:00-04:00,980215.7658004761,0,980215.7658004761,-1.978423419952391,0.0,1000000.0,-1.978423419952391
2025-03-28 00:00:00-04:00,980215.7658004761,0,980215.7658004761,-1.978423419952391,0.0,1000000.0,-1.978423419952391
2025-03-31 00:00:00-04:00,980215.7658004761,0,980215.7658004761,-1.978423419952391,0.0,1000000.0,-1.978423419952391
2025-04-01 00:00:00-04:00,791520.7622909546,2,980215.7658004761,-1.978423419952391,0.0,1000000.0,-1.978423419952391
2025-04-02 00:00:00-04:00,842818.2629013062,1,979663.2641220093,-2.0336735877990675,-0.05636531238768505,1000000.0,-2.0336735877990675
2025-04-03 00:00:00-04:00,908635.7601547241,1,975455.7598495483,-2.4544240150451646,-0.42948474507020773,1000000.0,-2.4544240150451646
2025-04-04 00:00:00-04:00,794613.2625007629,3,968493.2583236694,-3.1506741676330607,-0.7137690721056189,1000000.0,-3.1506741676330607
2025-04-07 00:00:00-04:00,823410.7612037659,2,968488.2644081116,-3.151173559188847,-0.0005156376169823673,1000000.0,-3.151173559188847
2025-04-08 00:00:00-04:00,408083.2646751404,12,974998.2655906677,-2.500173440933229,0.6721817312401512,1000000.0,-2.500173440933229
2025-04-09 00:00:00-04:00,807240.7773399353,3,1044970.7768821716,4.497077688217166,7.176680591232998,1044970.7768821716,0.0
2025-04-10 00:00:00-04:00,166845.78498840332,18,1044293.2828330994,4.42932828330993,-0.06483377947598123,1044970.7768821716,-0.06483377947598123
2025-04-11 00:00:00-04:00,527183.2946205139,6,1056723.2802772522,5.672328027725215,1.1902784063142713,1056723.2802772522,0.0
2025-04-14 00:00:00-04:00,994980.7971382141,1,1058618.2979011536,5.861829790115358,0.1793295992688071,1058618.2979011536,0.0
2025-04-15 00:00:00-04:00,994980.7971382141,1,1058713.2953071594,5.871329530715941,0.008973716607219018,1058713.2953071594,0.0
2025-04-16 00:00:00-04:00,817033.2950019836,1,1057440.7962226868,5.744079622268683,-0.12019298237899712,1058713.2953071594,-0.12019298237899712
2025-04-17 00:00:00-04:00,1060290.8023262024,0,1060290.8023262024,6.029080232620232,0.2695192122051937,1060290.8023262024,0.0
2025-04-21 00:00:00-04:00,608808.3041572571,2,1060290.8023262024,6.029080232620232,0.0,1060290.8023262024,0.0
2025-04-22 00:00:00-04:00,815693.298664093,1,1075778.2901191711,7.577829011917103,1.4606830276175486,1075778.2901191711,0.0
2025-04-23 00:00:00-04:00,767273.3004951477,2,1078090.7901191711,7.809079011917119,0.2149606495353007,1078090.7901191711,0.0
2025-04-24 00:00:00-04:00,989445.8011054993,2,1090843.300189972,9.0843300189972,1.182879047634855,1090843.300189972,0.0
2025-04-25 00:00:00-04:00,1051320.8011054993,1,1092035.8012580872,9.203580125808708,0.10931919074972374,1092035.8012580872,0.0
2025-04-28 00:00:00-04:00,1030523.3004951477,2,1091930.8017158508,9.193080171585088,-0.009615027466625126,1092035.8012580872,-0.009615027466625126
2025-04-29 00:00:00-04:00,1091893.301334381,0,1091893.301334381,9.189330133438101,-0.0034343184944329863,1092035.8012580872,-0.013049015750388193
2025-04-30 00:00:00-04:00,1039268.3013343811,1,1091893.301334381,9.189330133438101,0.0,1092035.8012580872,-0.013049015750388193
2025-05-01 00:00:00-04:00,1039268.3013343811,1,1091953.3027076721,9.195330270767222,0.005495168183355936,1092035.8012580872,-0.007554564632406002
2025-05-02 00:00:00-04:00,983980.80286026,1,1092800.8025550842,9.280080255508416,0.07761319511654374,1092800.8025550842,0.0
2025-05-05 00:00:00-04:00,983980.80286026,1,1093023.3062171936,9.302330621719367,0.020360861887103177,1093023.3062171936,0.0
2025-05-06 00:00:00-04:00,983980.80286026,1,1092308.3022499084,9.23083022499085,-0.0654152535648711,1093023.3062171936,-0.0654152535648711
2025-05-07 00:00:00-04:00,983980.80286026,1,1092318.304386139,9.231830438613887,0.0009156880168337267,1093023.3062171936,-0.06450016454768726
2025-05-08 00:00:00-04:00,1041818.3062934875,2,1093523.3062171936,9.352330621719362,0.11031599728907882,1093523.3062171936,0.0
2025-05-09 00:00:00-04:00,980628.3038520813,3,1094013.3059883118,9.40133059883117,0.04480926637158156,1094013.3059883118,0.0
2025-05-12 00:00:00-04:00,1097498.3046913147,0,1097498.3046913147,9.74983046913147,0.318551765680275,1097498.3046913147,0.0
2025-05-13 00:00:00-04:00,583360.8058357239,8,1097498.3046913147,9.74983046913147,0.0,1097498.3046913147,0.0
2025-05-14 00:00:00-04:00,986030.8087730408,2,1084045.8081626892,8.404580816268915,-1.2257418960122335,1097498.3046913147,-1.2257418960122335
2025-05-15 00:00:00-04:00,957283.3093070984,3,1084548.3106040955,8.45483106040954,0.04635435491955331,1097498.3046913147,-1.1799557258415638
2025-05-16 00:00:00-04:00,921643.3089637756,4,1085155.8106803894,8.515581068038935,0.05601410931668216,1097498.3046913147,-1.1246025582150487
2025-05-19 00:00:00-04:00,753480.8066749573,5,1085123.308506012,8.512330850601192,-0.002995161990337891,1097498.3046913147,-1.127564036537021
2025-05-20 00:00:00-04:00,1006420.8053016663,1,1086815.8019447327,8.68158019447327,0.15597245266538717,1097498.3046913147,-0.9733502731547827
2025-05-21 00:00:00-04:00,1006420.8053016663,1,1082165.8080482483,8.216580804824837,-0.42785482950871145,1097498.3046913147,-1.3970405765117655
2025-05-22 00:00:00-04:00,1037870.809879303,1,1080588.3086585999,8.058830865859989,-0.1457724295035323,1097498.3046913147,-1.540776506025765
2025-05-23 00:00:00-04:00,1037870.809879303,1,1079988.3101844788,7.998831018447872,-0.055525168032388716,1097498.3046913147,-1.595446155314184
2025-05-27 00:00:00-04:00,1081095.808353424,0,1081095.808353424,8.109580835342411,0.10254723671556665,1097498.3046913147,-1.494535004544184
2025-05-28 00:00:00-04:00,1012088.3086585999,1,1081095.808353424,8.109580835342411,0.0,1097498.3046913147,-1.494535004544184
2025-05-29 00:00:00-04:00,1017778.3111000061,1,1078818.3120155334,7.8818312015533465,-0.21066554141574434,1097498.3046913147,-1.7020520757009439
2025-05-30 00:00:00-04:00,993643.3089637756,2,1079255.8120155334,7.9255812015533555,0.04055363123960376,1097498.3046913147,-1.6621886883836368
2025-06-02 00:00:00-04:00,149503.321018219,10,1080855.8104896545,8.085581048965462,0.1482501605558184,1097498.3046913147,-1.516402725227084
2025-06-03 00:00:00-04:00,422485.81823349,5,1084675.7977867126,8.467579778671276,0.35342246948995015,1097498.3046913147,-1.1683395636960525
2025-06-04 00:00:00-04:00,756380.8225059509,2,1084573.3045005798,8.457330450057988,-0.009449209279122073,1097498.3046913147,-1.177678374124702
2025-06-05 00:00:00-04:00,1009083.3218955994,1,1074065.8200645447,7.406582006454476,-0.9688127480579678,1097498.3046913147,-2.135081623963031
2025-06-06 00:00:00-04:00,1070815.8200645447,0,1070815.8200645447,7.081582006454479,-0.30258853221907245,1097498.3046913147,-2.431209644034471
2025-06-09 00:00:00-04:00,1070815.8200645447,0,1070815.8200645447,7.081582006454479,0.0,1097498.3046913147,-2.431209644034471
2025-06-10 00:00:00-04:00,1070815.8200645447,0,1070815.8200645447,7.081582006454479,0.0,1097498.3046913147,-2.431209644034471
2025-06-11 00:00:00-04:00,1035765.8208274841,2,1070815.8200645447,7.081582006454479,0.0,1097498.3046913147,-2.431209644034471
2025-06-12 00:00:00-04:00,1070610.821094513,0,1070610.821094513,7.061082109451289,-0.019144185787189905,1097498.3046913147,-2.4498883945305194
2025-06-13 00:00:00-04:00,1016805.8207893372,1,1070610.821094513,7.061082109451289,0.0,1097498.3046913147,-2.4498883945305194
2025-06-16 00:00:00-04:00,952178.3202552795,3,1069580.822315216,6.958082231521612,-0.09620664755133346,1097498.3046913147,-2.5437380865887316
2025-06-17 00:00:00-04:00,942490.8221626282,2,1069935.8199501038,6.993581995010367,0.03319035153597216,1097498.3046913147,-2.5113920106658583
2025-06-18 00:00:00-04:00,1037000.8242988586,1,1068698.3245277405,6.869832452774038,-0.11566071527738808,1097498.3046913147,-2.624148031980289
2025-06-20 00:00:00-04:00,1049295.8262825012,1,1069060.8256721497,6.906082567214966,0.03391987580492195,1097498.3046913147,-2.591118263928749
2025-06-23 00:00:00-04:00,77788.32944869995,12,1069335.8271980286,6.933582719802867,0.02572365568684898,1097498.3046913147,-2.566061138582554
2025-06-24 00:00:00-04:00,603513.3298301697,5,1077385.8273887634,7.738582738876332,0.7528037484564765,1097498.3046913147,-1.8325747945650006
2025-06-25 00:00:00-04:00,938888.3298301697,2,1067633.3249473572,6.763332494735708,-0.9052005505811422,1097498.3046913147,-2.7211868680159346
2025-06-26 00:00:00-04:00,1034358.3310508728,1,1070278.329219818,7.027832921981814,0.24774463391645796,1097498.3046913147,-2.480183828543825
2025-06-27 00:00:00-04:00,1016348.330821991,2,1070310.8304405212,7.031083044052133,0.0030367073513337672,1097498.3046913147,-2.4772224371171325
2025-06-30 00:00:00-04:00,592953.32654953,9,1069583.329524994,6.958332952499391,-0.06797099448464516,1097498.3046913147,-2.543509638875685
2025-07-01 00:00:00-04:00,641428.3345603943,7,1070935.8323478699,7.093583234786993,0.1264513746186191,1097498.3046913147,-2.4202745671589754
2025-07-02 00:00:00-04:00,1074530.8354759216,0,1074530.8354759216,7.453083547592154,0.3356880047771238,1097498.3046913147,-2.0927111337864845
2025-07-03 00:00:00-04:00,1055433.3356285095,1,1074530.8354759216,7.453083547592154,0.0,1097498.3046913147,-2.0927111337864845
2025-07-07 00:00:00-04:00,1055433.3356285095,1,1074565.8353233337,7.456583532333383,0.0032572213152448626,1097498.3046913147,-2.089522076704342
2025-07-08 00:00:00-04:00,1073913.3351707458,0,1073913.3351707458,7.391333517074594,-0.06072221274293632,1097498.3046913147,-2.1489754854065457
2025-07-09 00:00:00-04:00,1073913.3351707458,0,1073913.3351707458,7.391333517074594,0.0,1097498.3046913147,-2.1489754854065457
2025-07-10 00:00:00-04:00,1017390.8360862732,1,1073913.3351707458,7.391333517074594,0.0,1097498.3046913147,-2.1489754854065457
2025-07-11 00:00:00-04:00,1074100.8351707458,0,1074100.8351707458,7.410083517074595,0.017459509427752984,1097498.3046913147,-2.1318911765562776
2025-07-14 00:00:00-04:00,1074100.8351707458,0,1074100.8351707458,7.410083517074595,0.0,1097498.3046913147,-2.1318911765562776
2025-07-15 00:00:00-04:00,1074100.8351707458,0,1074100.8351707458,7.410083517074595,0.0,1097498.3046913147,-2.1318911765562776
2025-07-16 00:00:00-04:00,1034080.8347129822,1,1074100.8351707458,7.410083517074595,0.0,1097498.3046913147,-2.1318911765562776
2025-07-17 00:00:00-04:00,969010.835018158,2,1074183.3356285095,7.418333562850954,0.007680885729000053,1097498.3046913147,-2.1243740389524146
2025-07-18 00:00:00-04:00,771765.8360862732,1,1074075.833644867,7.407583364486703,-0.01000778731869989,1097498.3046913147,-2.134169223435445
2025-07-21 00:00:00-04:00,1080083.3409690857,0,1080083.3409690857,8.008334096908577,0.5593187311395242,1097498.3046913147,-1.586787300516801
2025-07-22 00:00:00-04:00,1080083.3409690857,0,1080083.3409690857,8.008334096908577,0.0,1097498.3046913147,-1.586787300516801
2025-07-23 00:00:00-04:00,1030610.8411216736,1,1080083.3409690857,8.008334096908577,0.0,1097498.3046913147,-1.586787300516801
2025-07-24 00:00:00-04:00,911853.3414268494,2,1081313.340511322,8.1313340511322,0.11388005865664574,1097498.3046913147,-1.4747142761687315
2025-07-25 00:00:00-04:00,863558.343257904,3,1082803.3421897888,8.28033421897889,0.13779555126567367,1097498.3046913147,-1.3389508155695062
2025-07-28 00:00:00-04:00,954135.8426475525,2,1083678.3421897888,8.367834218978887,0.0808087642425015,1097498.3046913147,-1.259224040934892
2025-07-29 00:00:00-04:00,1083373.3456993103,0,1083373.3456993103,8.33733456993102,-0.02814455900836954,1097498.3046913147,-1.2870141968900128
2025-07-30 00:00:00-04:00,1038495.8470726013,1,1083373.3456993103,8.33733456993102,0.0,1097498.3046913147,-1.2870141968900128
2025-07-31 00:00:00-04:00,1082573.3464622498,0,1082573.3464622498,8.25733464622498,-0.07384335605415959,1097498.3046913147,-1.3599071784682892
2025-08-01 00:00:00-04:00,414340.8416175842,7,1082573.3464622498,8.25733464622498,0.0,1097498.3046913147,-1.3599071784682892
2025-08-04 00:00:00-04:00,1009255.8463478088,3,1095020.8466911316,9.502084669113152,1.1498066407748864,1097498.3046913147,-0.2257368407398097
2025-08-05 00:00:00-04:00,1086968.3478736877,1,1095095.847454071,9.509584745407107,0.0068492543467080225,1097498.3046913147,-0.2189030476834608
2025-08-06 00:00:00-04:00,1095008.3478355408,0,1095008.3478355408,9.50083478355408,-0.007990133350765927,1097498.3046913147,-0.22687569038881694
2025-08-07 00:00:00-04:00,1040000.8481407166,1,1095008.3478355408,9.50083478355408,0.0,1097498.3046913147,-0.22687569038881694
2025-08-08 00:00:00-04:00,1040000.8481407166,1,1097338.3496665955,9.733834966659538,0.21278393316912503,1097498.3046913147,-0.014574512237108816
2025-08-11 00:00:00-04:00,1022333.3485984802,2,1096795.8463096619,9.679584630966186,-0.04943811150849298,1097498.3046913147,-0.06400541838198492
2025-08-12 00:00:00-04:00,932280.8483505249,2,1097590.8463859558,9.759084638595583,0.07248387008109702,1097590.8463859558,0.0
2025-08-13 00:00:00-04:00,1102958.3457374573,0,1102958.3457374573,10.295834573745722,0.4890255206824179,1102958.3457374573,0.0
2025-08-14 00:00:00-04:00,935503.3439064026,3,1102958.3457374573,10.295834573745722,0.0,1102958.3457374573,0.0
2025-08-15 00:00:00-04:00,973740.842666626,3,1101845.844593048,10.184584459304812,-0.10086520027783319,1102958.3457374573,-0.10086520027783319
2025-08-18 00:00:00-04:00,955928.3483886719,3,1099958.3462142944,9.995834621429434,-0.17130330780988912,1102958.3457374573,-0.2719957226632208
2025-08-19 00:00:00-04:00,1023755.8482551575,1,1099815.8458137512,9.981584581375124,-0.012955072438303183,1102958.3457374573,-0.28491555785862266
2025-08-20 00:00:00-04:00,992395.8495521545,2,1098715.8473396301,9.871584733963012,-0.100016605353348,1102958.3457374573,-0.38464720034286914
2025-08-21 00:00:00-04:00,1091820.8526039124,1,1097695.8526039124,9.769585260391246,-0.09283517100326932,1102958.3457374573,-0.47712528345994487
2025-08-22 00:00:00-04:00,1098020.8524131775,0,1098020.8524131775,9.802085241317759,0.029607455334201838,1102958.3457374573,-0.44765909278092764
2025-08-25 00:00:00-04:00,1098020.8524131775,0,1098020.8524131775,9.802085241317759,0.0,1102958.3457374573,-0.44765909278092764
2025-08-26 00:00:00-04:00,1098020.8524131775,0,1098020.8524131775,9.802085241317759,0.0,1102958.3457374573,-0.44765909278092764
2025-08-27 00:00:00-04:00,1098020.8524131775,0,1098020.8524131775,9.802085241317759,0.0,1102958.3457374573,-0.44765909278092764
2025-08-28 00:00:00-04:00,1098020.8524131775,0,1098020.8524131775,9.802085241317759,0.0,1102958.3457374573,-0.44765909278092764
2025-08-29 00:00:00-04:00,1098020.8524131775,0,1098020.8524131775,9.802085241317759,0.0,1102958.3457374573,-0.44765909278092764
2025-09-02 00:00:00-04:00,1098020.8524131775,0,1098020.8524131775,9.802085241317759,0.0,1102958.3457374573,-0.44765909278092764
2025-09-03 00:00:00-04:00,1098020.8524131775,0,1098020.8524131775,9.802085241317759,0.0,1102958.3457374573,-0.44765909278092764
2025-09-04 00:00:00-04:00,978943.353023529,2,1098020.8524131775,9.802085241317759,0.0,1102958.3457374573,-0.44765909278092764
2025-09-05 00:00:00-04:00,958578.347530365,2,1100383.351650238,10.038335165023792,0.21515977878456827,1102958.3457374573,-0.23346249631009952
2025-09-08 00:00:00-04:00,866098.3441734314,3,1103950.8450889587,10.39508450889588,0.32420459954891623,1103950.8450889587,0.0
2025-09-09 00:00:00-04:00,844778.3482933044,4,1100358.3463096619,10.035834630966178,-0.3254219873356168,1103950.8450889587,-0.3254219873356168
2025-09-10 00:00:00-04:00,960698.350276947,2,1129475.8466148376,12.947584661483758,2.64618343677121,1129475.8466148376,0.0
2025-09-11 00:00:00-04:00,959193.3453941345,2,1126065.8429527283,12.606584295272839,-0.3019102774379445,1129475.8466148376,-0.3019102774379445
2025-09-12 00:00:00-04:00,924788.3428001404,3,1122205.8423423767,12.220584234237663,-0.34278640405520644,1129475.8466148376,-0.6436617741096384
2025-09-15 00:00:00-04:00,913300.8397483826,3,1123148.343410492,12.314834341049185,0.0839864695542758,1129475.8466148376,-0.5602158933553092
2025-09-16 00:00:00-04:00,827913.3389854431,4,1125508.336391449,12.550833639144887,0.21012299887215313,1129475.8466148376,-0.3512700369184274
2025-09-17 00:00:00-04:00,996760.835018158,2,1125033.3341026306,12.503333410263062,-0.042203355893510874,1129475.8466148376,-0.3933251450681019
2025-09-18 00:00:00-04:00,954175.8359336853,2,1123465.8330345154,12.346583303451531,-0.1393292999060769,1129475.8466148376,-0.5321064278032139
2025-09-19 00:00:00-04:00,946780.8359527588,3,1123153.3368492126,12.31533368492126,-0.027815370624906244,1129475.8466148376,-0.5597737910530975
2025-09-22 00:00:00-04:00,276978.34714889526,8,1124245.8375358582,12.424583753585816,0.09727084012502996,1129475.8466148376,-0.4630474475974311
2025-09-23 00:00:00-04:00,978988.3454704285,2,1120780.8411979675,12.078084119796761,-0.3082062856897272,1129475.8466148376,-0.7698265919479419
2025-09-24 00:00:00-04:00,1038005.8473014832,2,1120420.8482170105,12.04208482170106,-0.032119837146060704,1129475.8466148376,-0.8016991620463543
2025-09-25 00:00:00-04:00,1111788.3456611633,1,1120285.84608078,12.028584608078008,-0.012049234575139955,1129475.8466148376,-0.8136517980088742
2025-09-26 00:00:00-04:00,1040710.8462715149,2,1120663.3456611633,12.066334566116343,0.033696719609910275,1129475.8466148376,-0.7802292523639509
2025-09-29 00:00:00-04:00,901400.8448982239,4,1119280.8431053162,11.928084310531606,-0.12336466265268076,1129475.8466148376,-0.9026313878315317
2025-09-30 00:00:00-04:00,1119630.8473014832,0,1119630.8473014832,11.96308473014831,0.03127045355264535,1129475.8466148376,-0.8716431912077605
2025-10-01 00:00:00-04:00,643745.8547019958,5,1119630.8473014832,11.96308473014831,0.0,1129475.8466148376,-0.8716431912077605
2025-10-02 00:00:00-04:00,625103.3547782898,6,1114048.354473114,11.404835447311413,-0.4986011989419503,1129475.8466148376,-1.3658983667478641
2025-10-03 00:00:00-04:00,1101108.3577537537,1,1123405.8583641052,12.340585836410511,0.8399549133948359,1129475.8466148376,-0.5374163837965074
2025-10-06 00:00:00-04:00,1123308.358516693,0,1123308.358516693,12.33083585166932,-0.00867895130564067,1129475.8466148376,-0.5460486929958819
2025-10-07 00:00:00-04:00,832225.8542442322,3,1123308.358516693,12.33083585166932,0.0,1129475.8466148376,-0.5460486929958819
2025-10-08 00:00:00-04:00,1011685.8609580994,2,1130683.358516693,13.06833585166931,0.6565427866786822,1130683.358516693,0.0
2025-10-09 00:00:00-04:00,1055528.3616447449,2,1131240.8612632751,13.124086126327516,0.04930670840626039,1131240.8612632751,0.0
2025-10-10 00:00:00-04:00,1126238.3607292175,0,1126238.3607292175,12.623836072921746,-0.4422135643572189,1131240.8612632751,-0.4422135643572189
2025-10-13 00:00:00-04:00,1126238.3607292175,0,1126238.3607292175,12.623836072921746,0.0,1131240.8612632751,-0.4422135643572189
